file,class,type,cbo,cboModified,fanin,fanout,wmc,dit,noc,rfc,lcom,lcom*,tcc,lcc,totalMethodsQty,staticMethodsQty,publicMethodsQty,privateMethodsQty,protectedMethodsQty,defaultMethodsQty,visibleMethodsQty,abstractMethodsQty,finalMethodsQty,synchronizedMethodsQty,totalFieldsQty,staticFieldsQty,publicFieldsQty,privateFieldsQty,protectedFieldsQty,defaultFieldsQty,finalFieldsQty,synchronizedFieldsQty,nosi,loc,returnQty,loopQty,comparisonsQty,tryCatchQty,parenthesizedExpsQty,stringLiteralsQty,numbersQty,assignmentsQty,mathOperationsQty,variablesQty,maxNestedBlocksQty,anonymousClassesQty,innerClassesQty,lambdasQty,uniqueWordsQty,modifiers,logStatementsQty
C:\Users\ramon\OneDrive\Documentos\trabalhoFacul\laboratorio-de-experimentacao\lab-2\clone_repositories\spring-boot\buildSrc\src\main\java\org\springframework\boot\build\antora\Extensions.java,org.springframework.boot.build.antora.RootComponent,class,1,3,2,1,2,2,0,1,1,0.0,0.0,0.0,2,0,0,0,0,2,2,0,0,0,0,0,0,0,0,0,0,0,0,8,0,0,0,0,0,1,0,0,0,0,0,0,0,0,17,0,0
C:\Users\ramon\OneDrive\Documentos\trabalhoFacul\laboratorio-de-experimentacao\lab-2\clone_repositories\spring-boot\buildSrc\src\test\java\org\springframework\boot\build\bom\bomr\UpgradeTests.java,org.springframework.boot.build.bom.bomr.UpgradeTests,class,5,5,0,5,2,1,0,8,1,0.0,0.0,0.0,2,0,0,0,0,2,2,0,0,0,0,0,0,0,0,0,0,0,5,16,0,0,0,0,0,13,0,4,0,4,0,0,0,0,14,0,0
C:\Users\ramon\OneDrive\Documentos\trabalhoFacul\laboratorio-de-experimentacao\lab-2\clone_repositories\spring-boot\buildSrc\src\main\java\org\springframework\boot\build\starters\StarterMetadata.java,org.springframework.boot.build.starters.StarterMetadata,class,11,13,2,11,7,2,0,20,15,0.5714286,0.0,0.0,7,0,6,0,0,1,7,3,0,0,1,0,0,1,0,0,0,0,2,28,1,0,0,1,0,4,0,5,0,5,1,0,0,0,36,1025,0
C:\Users\ramon\OneDrive\Documentos\trabalhoFacul\laboratorio-de-experimentacao\lab-2\clone_repositories\spring-boot\buildSrc\src\main\java\org\springframework\boot\build\bom\Library.java,org.springframework.boot.build.bom.Library$Exclusion,innerclass,0,0,0,0,3,1,0,0,0,0.33333334,0.0,0.0,3,0,3,0,0,0,3,0,0,0,2,0,0,2,0,0,2,0,0,14,2,0,0,0,0,0,0,2,0,2,0,0,0,0,18,9,0
C:\Users\ramon\OneDrive\Documentos\trabalhoFacul\laboratorio-de-experimentacao\lab-2\clone_repositories\spring-boot\buildSrc\src\main\java\org\springframework\boot\build\bom\bomr\MavenMetadataVersionResolver.java,org.springframework.boot.build.bom.bomr.MavenMetadataVersionResolver,class,12,14,2,12,10,1,0,33,0,0.375,0.0,0.0,4,0,1,1,0,2,3,0,0,0,2,0,0,2,0,0,2,0,4,45,2,2,2,1,0,10,1,12,2,12,2,0,0,0,58,16,0
C:\Users\ramon\OneDrive\Documentos\trabalhoFacul\laboratorio-de-experimentacao\lab-2\clone_repositories\spring-boot\buildSrc\src\main\java\org\springframework\boot\build\springframework\CheckSpringFactories.java,org.springframework.boot.build.springframework.CheckSpringFactories,class,1,1,0,1,1,3,0,0,0,0.0,NaN,NaN,1,0,1,0,0,0,1,0,0,0,0,0,0,0,0,0,0,0,0,5,0,0,0,0,0,1,0,0,0,0,0,0,0,0,16,1025,0
C:\Users\ramon\OneDrive\Documentos\trabalhoFacul\laboratorio-de-experimentacao\lab-2\clone_repositories\spring-boot\buildSrc\src\test\java\org\springframework\boot\build\context\properties\ConfigurationPropertiesTests.java,org.springframework.boot.build.context.properties.ConfigurationPropertiesTests,class,3,3,0,3,1,1,0,6,0,0.0,NaN,NaN,1,0,0,0,0,1,1,0,0,0,0,0,0,0,0,0,0,0,2,6,0,0,0,0,0,2,1,1,0,1,0,0,0,0,25,0,0
C:\Users\ramon\OneDrive\Documentos\trabalhoFacul\laboratorio-de-experimentacao\lab-2\clone_repositories\spring-boot\buildSrc\src\main\java\org\springframework\boot\build\JavaConventions.java,org.springframework.boot.build.JavaConventions,class,36,38,2,36,28,1,0,108,151,0.8888889,NaN,NaN,18,0,0,17,0,1,1,0,0,0,1,1,0,1,0,0,1,0,7,179,6,1,1,0,2,52,2,25,6,48,2,0,0,23,201,0,0
C:\Users\ramon\OneDrive\Documentos\trabalhoFacul\laboratorio-de-experimentacao\lab-2\clone_repositories\spring-boot\buildSrc\src\main\java\org\springframework\boot\build\AntoraConventions.java,org.springframework.boot.build.AntoraConventions,class,20,22,2,20,25,1,0,80,103,0.9166667,NaN,NaN,15,0,0,14,0,1,1,0,0,0,4,4,2,2,0,0,4,0,10,118,7,1,5,1,4,54,0,25,2,38,2,0,0,15,131,1,1
C:\Users\ramon\OneDrive\Documentos\trabalhoFacul\laboratorio-de-experimentacao\lab-2\clone_repositories\spring-boot\buildSrc\src\test\java\org\springframework\boot\build\architecture\objects\requireNonNullWithSupplier\RequireNonNullWithSupplier.java,org.springframework.boot.build.architecture.objects.requireNonNullWithSupplier.RequireNonNullWithSupplier,class,0,0,0,0,1,1,0,1,0,0.0,NaN,NaN,1,0,0,0,0,1,1,0,0,0,0,0,0,0,0,0,0,0,1,5,0,0,0,0,0,1,0,0,0,0,0,0,0,1,10,0,0
C:\Users\ramon\OneDrive\Documentos\trabalhoFacul\laboratorio-de-experimentacao\lab-2\clone_repositories\spring-boot\buildSrc\src\main\java\org\springframework\boot\build\bom\Library.java,org.springframework.boot.build.bom.Library$ProhibitedVersion,innerclass,2,2,0,2,8,1,0,3,1,0.6,0.0,0.0,7,0,7,0,0,0,7,0,0,0,5,0,0,5,0,0,5,0,0,37,6,0,1,0,1,0,0,10,0,6,0,0,0,0,34,9,0
C:\Users\ramon\OneDrive\Documentos\trabalhoFacul\laboratorio-de-experimentacao\lab-2\clone_repositories\spring-boot\buildSrc\src\main\java\org\springframework\boot\build\test\autoconfigure\DocumentTestSlices.java,org.springframework.boot.build.test.autoconfigure.DocumentTestSlices,class,9,10,1,9,10,2,0,16,0,0.16666667,0.0,0.0,6,0,3,2,0,1,4,1,0,0,1,0,0,1,0,0,0,0,1,56,2,4,0,2,0,8,0,7,0,7,3,0,1,0,40,1025,0
C:\Users\ramon\OneDrive\Documentos\trabalhoFacul\laboratorio-de-experimentacao\lab-2\clone_repositories\spring-boot\buildSrc\src\test\java\org\springframework\boot\build\artifacts\ArtifactReleaseTests.java,org.springframework.boot.build.artifacts.ArtifactReleaseTests,class,3,3,0,3,8,1,0,9,28,0.0,0.0,0.0,8,0,0,0,0,8,8,0,0,0,0,0,0,0,0,0,0,0,8,42,0,0,0,0,0,16,0,8,0,8,0,0,0,0,23,0,0
C:\Users\ramon\OneDrive\Documentos\trabalhoFacul\laboratorio-de-experimentacao\lab-2\clone_repositories\spring-boot\buildSrc\src\main\java\org\springframework\boot\build\MavenRepositoryPlugin.java,org.springframework.boot.build.MavenRepositoryPlugin,class,13,16,3,13,4,1,0,34,1,0.5,NaN,NaN,3,0,1,2,0,0,1,0,0,0,2,2,2,0,0,0,2,0,0,44,0,0,0,0,0,5,0,7,0,17,2,0,1,10,77,1,0
C:\Users\ramon\OneDrive\Documentos\trabalhoFacul\laboratorio-de-experimentacao\lab-2\clone_repositories\spring-boot\buildSrc\src\test\java\org\springframework\boot\build\architecture\objects\requireNonNullWithString\RequireNonNullWithString.java,org.springframework.boot.build.architecture.objects.requireNonNullWithString.RequireNonNullWithString,class,0,0,0,0,1,1,0,1,0,0.0,NaN,NaN,1,0,0,0,0,1,1,0,0,0,0,0,0,0,0,0,0,0,1,5,0,0,0,0,0,1,0,0,0,0,0,0,0,0,10,0,0
C:\Users\ramon\OneDrive\Documentos\trabalhoFacul\laboratorio-de-experimentacao\lab-2\clone_repositories\spring-boot\buildSrc\src\main\java\org\springframework\boot\build\antora\ContentContribution.java,org.springframework.boot.build.antora.ContentContribution,class,6,8,2,6,5,2,2,20,4,0.4,0.0,0.0,5,1,0,1,3,1,4,1,0,0,1,0,0,1,0,0,1,0,0,26,3,0,0,0,0,7,0,3,0,4,1,0,0,1,36,1024,0
C:\Users\ramon\OneDrive\Documentos\trabalhoFacul\laboratorio-de-experimentacao\lab-2\clone_repositories\spring-boot\buildSrc\src\main\java\org\springframework\boot\build\bom\bomr\github\Milestone.java,org.springframework.boot.build.bom.bomr.github.Milestone,class,0,4,4,0,5,1,0,0,0,0.46666667,0.0,0.0,5,0,4,0,0,1,5,0,0,0,3,0,0,3,0,0,3,0,0,22,4,0,0,0,0,2,0,3,1,3,0,0,0,0,27,1,0
C:\Users\ramon\OneDrive\Documentos\trabalhoFacul\laboratorio-de-experimentacao\lab-2\clone_repositories\spring-boot\buildSrc\src\main\java\org\springframework\boot\build\bom\bomr\version\AbstractDependencyVersion.java,org.springframework.boot.build.bom.bomr.version.AbstractDependencyVersion,class,3,6,3,3,12,1,2,6,0,0.0,0.0,0.0,6,0,5,0,1,0,6,0,0,0,1,0,0,1,0,0,1,0,0,33,8,0,3,0,2,0,1,4,0,4,1,0,0,0,29,1024,0
C:\Users\ramon\OneDrive\Documentos\trabalhoFacul\laboratorio-de-experimentacao\lab-2\clone_repositories\spring-boot\buildSrc\src\test\java\org\springframework\boot\build\architecture\tangled\TangledOne.java,org.springframework.boot.build.architecture.tangled.TangledOne,class,1,1,0,1,1,1,0,1,0,1.0,-1.0,-1.0,1,0,0,1,0,0,0,0,0,0,1,1,1,0,0,0,1,0,0,5,0,0,0,0,0,1,0,1,1,1,0,0,0,0,4,17,0
C:\Users\ramon\OneDrive\Documentos\trabalhoFacul\laboratorio-de-experimentacao\lab-2\clone_repositories\spring-boot\buildSrc\src\main\java\org\springframework\boot\build\bom\BomExtension.java,org.springframework.boot.build.bom.BomExtension$StripUnrepeatableOutputAction,innerclass,6,6,0,6,4,1,0,13,0,0.0,NaN,NaN,2,0,1,1,0,0,1,0,0,0,1,0,0,1,0,0,1,0,3,25,0,1,0,1,0,3,1,8,0,8,2,0,0,0,33,26,0
C:\Users\ramon\OneDrive\Documentos\trabalhoFacul\laboratorio-de-experimentacao\lab-2\clone_repositories\spring-boot\buildSrc\src\main\java\org\springframework\boot\build\toolchain\ToolchainPlugin.java,org.springframework.boot.build.toolchain.ToolchainPlugin,class,8,10,2,8,8,1,0,23,15,0.0,NaN,NaN,6,0,1,5,0,0,1,0,0,0,0,0,0,0,0,0,0,0,1,32,1,0,1,0,0,1,0,4,0,8,1,0,0,4,29,1,0
C:\Users\ramon\OneDrive\Documentos\trabalhoFacul\laboratorio-de-experimentacao\lab-2\clone_repositories\spring-boot\buildSrc\src\main\java\org\springframework\boot\build\antora\Extensions.java,org.springframework.boot.build.antora.AntoraExtensionsConfiguration$Xref,innerclass,1,1,0,1,4,2,0,2,1,0.0,0.0,0.0,2,0,0,0,0,2,2,0,0,0,0,0,0,0,0,0,0,0,0,10,0,0,1,0,0,2,0,0,0,0,1,0,0,0,7,0,0
C:\Users\ramon\OneDrive\Documentos\trabalhoFacul\laboratorio-de-experimentacao\lab-2\clone_repositories\spring-boot\buildSrc\src\main\java\org\springframework\boot\build\bom\BomExtension.java,org.springframework.boot.build.bom.BomExtension$LibraryHandler$AlignWithHandler$VersionHandler,innerclass,0,0,0,0,2,1,0,0,1,0.5,0.0,0.0,2,0,2,0,0,0,2,0,0,0,2,0,0,2,0,0,0,0,0,10,0,0,0,0,0,0,0,2,0,2,0,0,0,0,5,9,0
C:\Users\ramon\OneDrive\Documentos\trabalhoFacul\laboratorio-de-experimentacao\lab-2\clone_repositories\spring-boot\buildSrc\src\main\java\org\springframework\boot\build\testing\TestFailuresPlugin.java,org.springframework.boot.build.testing.TestFailuresPlugin,class,7,7,0,7,1,1,0,7,0,0.0,NaN,NaN,1,0,1,0,0,0,1,0,0,0,0,0,0,0,0,0,0,0,0,35,0,0,0,0,0,1,0,1,0,3,1,0,1,2,24,1,0
C:\Users\ramon\OneDrive\Documentos\trabalhoFacul\laboratorio-de-experimentacao\lab-2\clone_repositories\spring-boot\buildSrc\src\main\java\org\springframework\boot\build\mavenplugin\PluginXmlParser.java,org.springframework.boot.build.mavenplugin.PluginXmlParser$Parameter,innerclass,0,0,0,0,9,1,0,0,20,0.77777773,0.0,0.0,9,0,0,1,0,8,8,0,0,0,8,0,0,8,0,0,8,0,0,44,8,0,0,0,0,0,0,8,0,8,0,0,0,0,21,24,0
C:\Users\ramon\OneDrive\Documentos\trabalhoFacul\laboratorio-de-experimentacao\lab-2\clone_repositories\spring-boot\buildSrc\src\main\java\org\springframework\boot\build\antora\SourceContribution.java,org.springframework.boot.build.antora.SourceContribution,class,10,13,3,10,5,2,0,34,8,0.6,0.0,0.0,5,0,0,2,0,3,3,0,0,0,1,1,0,1,0,0,1,0,0,34,1,0,0,0,0,9,0,8,0,11,1,0,0,4,59,0,0
C:\Users\ramon\OneDrive\Documentos\trabalhoFacul\laboratorio-de-experimentacao\lab-2\clone_repositories\spring-boot\buildSrc\src\main\java\org\springframework\boot\build\context\properties\Snippet.java,org.springframework.boot.build.context.properties.Snippet$Anonymous1,anonymous,0,0,0,0,2,1,0,2,1,0.0,0.0,0.0,2,0,2,0,0,0,2,0,0,0,0,0,0,0,0,0,0,0,0,8,0,0,0,0,0,0,0,0,0,0,0,0,0,0,3,-1,0
C:\Users\ramon\OneDrive\Documentos\trabalhoFacul\laboratorio-de-experimentacao\lab-2\clone_repositories\spring-boot\buildSrc\src\main\java\org\springframework\boot\build\bom\bomr\VersionResolver.java,org.springframework.boot.build.bom.bomr.VersionResolver,interface,1,4,3,1,1,1,0,0,0,0.0,NaN,NaN,1,0,0,0,0,1,1,0,0,0,0,0,0,0,0,0,0,0,0,3,0,0,0,0,0,0,0,0,0,0,0,0,0,0,21,0,0
C:\Users\ramon\OneDrive\Documentos\trabalhoFacul\laboratorio-de-experimentacao\lab-2\clone_repositories\spring-boot\buildSrc\src\main\java\org\springframework\boot\build\bom\UpgradePolicy.java,org.springframework.boot.build.bom.UpgradePolicy,enum,1,4,3,1,2,1,0,1,0,0.0,0.0,0.0,2,0,1,0,0,1,2,0,0,0,1,0,0,1,0,0,1,0,0,11,1,0,0,0,0,0,0,1,0,3,0,0,0,1,40,1,0
C:\Users\ramon\OneDrive\Documentos\trabalhoFacul\laboratorio-de-experimentacao\lab-2\clone_repositories\spring-boot\buildSrc\src\main\java\org\springframework\boot\build\NoHttpConventions.java,org.springframework.boot.build.NoHttpConventions,class,6,8,2,6,2,1,0,15,1,0.0,NaN,NaN,2,0,0,1,0,1,1,0,0,0,0,0,0,0,0,0,0,0,0,20,0,0,0,0,0,11,0,1,0,2,0,0,0,1,28,1,0
C:\Users\ramon\OneDrive\Documentos\trabalhoFacul\laboratorio-de-experimentacao\lab-2\clone_repositories\spring-boot\buildSrc\src\test\java\org\springframework\boot\build\testing\TestFailuresPluginIntegrationTests.java,org.springframework.boot.build.testing.TestFailuresPluginIntegrationTests,class,5,6,1,5,13,1,0,21,25,0.45454547,0.0,0.0,11,0,0,6,0,5,5,0,0,0,1,0,0,1,0,0,0,0,0,108,1,0,0,2,0,88,0,8,2,11,1,0,0,3,65,0,0
C:\Users\ramon\OneDrive\Documentos\trabalhoFacul\laboratorio-de-experimentacao\lab-2\clone_repositories\spring-boot\buildSrc\src\main\java\org\springframework\boot\build\test\SystemTestPlugin.java,org.springframework.boot.build.test.SystemTestPlugin,class,13,14,1,13,6,1,0,37,10,0.8,NaN,NaN,5,0,1,4,0,0,1,0,0,0,3,3,2,1,0,0,1,0,2,43,3,0,0,0,0,6,0,8,0,14,2,0,0,6,60,1,0
C:\Users\ramon\OneDrive\Documentos\trabalhoFacul\laboratorio-de-experimentacao\lab-2\clone_repositories\spring-boot\buildSrc\src\main\java\org\springframework\boot\build\bom\BomExtension.java,org.springframework.boot.build.bom.BomExtension$GitHub,innerclass,0,0,0,0,4,1,0,0,0,0.5,0.0,0.0,4,0,3,1,0,0,3,0,0,0,3,0,0,3,0,0,3,0,0,19,3,0,0,0,0,0,0,3,0,3,0,0,0,0,10,25,0
C:\Users\ramon\OneDrive\Documentos\trabalhoFacul\laboratorio-de-experimentacao\lab-2\clone_repositories\spring-boot\buildSrc\src\main\java\org\springframework\boot\build\SyncAppSource.java,org.springframework.boot.build.SyncAppSource,class,10,11,1,10,5,2,0,15,8,0.6,0.0,0.0,5,0,4,0,0,1,5,3,0,0,1,0,0,1,0,0,1,0,0,18,0,0,0,0,0,3,0,1,1,3,1,0,0,3,37,1025,0
C:\Users\ramon\OneDrive\Documentos\trabalhoFacul\laboratorio-de-experimentacao\lab-2\clone_repositories\spring-boot\buildSrc\src\main\java\org\springframework\boot\build\bom\bomr\InteractiveUpgradeResolver.java,org.springframework.boot.build.bom.bomr.InteractiveUpgradeResolver$UpgradesInterruptedException,innerclass,0,0,0,0,0,4,0,0,0,0.0,-1.0,-1.0,0,0,0,0,0,0,0,0,0,0,0,0,0,0,0,0,0,0,0,2,0,0,0,0,0,0,0,0,0,0,0,0,0,0,4,8,0
C:\Users\ramon\OneDrive\Documentos\trabalhoFacul\laboratorio-de-experimentacao\lab-2\clone_repositories\spring-boot\buildSrc\src\main\java\org\springframework\boot\build\constraints\DocumentVersionProperties.java,org.springframework.boot.build.constraints.DocumentVersionProperties,class,8,9,1,8,4,2,0,11,3,0.0,0.0,0.0,3,0,3,0,0,0,3,2,0,0,0,0,0,0,0,0,0,0,0,18,0,1,0,1,0,5,0,2,0,2,2,0,0,0,24,1025,0
C:\Users\ramon\OneDrive\Documentos\trabalhoFacul\laboratorio-de-experimentacao\lab-2\clone_repositories\spring-boot\buildSrc\src\main\java\org\springframework\boot\build\bom\BomExtension.java,org.springframework.boot.build.bom.BomExtension$LibraryHandler$GroupHandler$ModuleHandler,innerclass,1,1,0,1,3,1,0,2,3,0.6666667,0.0,0.0,3,0,3,0,0,0,3,0,0,0,3,0,0,3,0,0,1,0,0,14,0,0,0,0,0,2,0,3,0,3,0,0,0,0,11,1,0
C:\Users\ramon\OneDrive\Documentos\trabalhoFacul\laboratorio-de-experimentacao\lab-2\clone_repositories\spring-boot\buildSrc\src\main\java\org\springframework\boot\build\TestFixturesConventions.java,org.springframework.boot.build.TestFixturesConventions,class,4,5,1,4,2,1,0,8,1,0.0,NaN,NaN,2,0,0,1,0,1,1,0,0,0,0,0,0,0,0,0,0,0,0,11,0,0,0,0,0,3,0,2,0,5,0,0,0,3,34,0,0
C:\Users\ramon\OneDrive\Documentos\trabalhoFacul\laboratorio-de-experimentacao\lab-2\clone_repositories\spring-boot\buildSrc\src\main\java\org\springframework\boot\build\architecture\ArchitectureRules.java,org.springframework.boot.build.architecture.ArchitectureRules,class,19,21,2,19,57,1,0,92,903,0.0,0.0,0.0,43,42,0,41,0,2,2,0,0,0,0,0,0,0,0,0,0,0,72,198,38,1,7,0,3,61,6,16,7,22,4,2,0,6,194,16,0
C:\Users\ramon\OneDrive\Documentos\trabalhoFacul\laboratorio-de-experimentacao\lab-2\clone_repositories\spring-boot\buildSrc\src\main\java\org\springframework\boot\build\toolchain\ToolchainExtension.java,org.springframework.boot.build.toolchain.ToolchainExtension,class,4,5,1,4,5,1,0,5,0,0.5,0.0,0.0,4,0,3,0,0,1,4,0,0,0,3,0,0,3,0,0,3,0,0,20,3,0,1,0,1,1,0,4,0,4,0,0,0,0,25,1,0
C:\Users\ramon\OneDrive\Documentos\trabalhoFacul\laboratorio-de-experimentacao\lab-2\clone_repositories\spring-boot\buildSrc\src\main\java\org\springframework\boot\build\bom\BomExtension.java,org.springframework.boot.build.bom.BomExtension$LibraryHandler,innerclass,12,12,0,12,9,2,0,7,30,0.8472222,0.0,0.0,9,0,9,0,0,0,9,0,0,0,8,0,0,8,0,0,4,0,0,146,0,0,0,0,0,0,0,13,0,11,0,0,3,0,30,9,0
C:\Users\ramon\OneDrive\Documentos\trabalhoFacul\laboratorio-de-experimentacao\lab-2\clone_repositories\spring-boot\buildSrc\src\test\java\org\springframework\boot\build\bom\bomr\version\DependencyVersionUpgradeTests.java,org.springframework.boot.build.bom.bomr.version.DependencyVersionUpgradeTests$VersionType,enum,1,1,0,1,2,1,0,1,0,0.0,0.0,0.0,2,0,0,0,0,2,2,0,0,0,1,0,0,1,0,0,1,0,0,8,1,0,0,0,0,0,0,1,0,1,0,0,0,0,21,0,0
C:\Users\ramon\OneDrive\Documentos\trabalhoFacul\laboratorio-de-experimentacao\lab-2\clone_repositories\spring-boot\buildSrc\src\main\java\org\springframework\boot\build\antora\CatalogContentContribution.java,org.springframework.boot.build.antora.CatalogContentContribution,class,2,4,2,2,1,4,0,0,0,0.0,NaN,NaN,1,0,0,0,0,1,1,0,0,0,0,0,0,0,0,0,0,0,0,5,0,0,0,0,0,1,0,0,0,0,0,0,0,0,12,0,0
C:\Users\ramon\OneDrive\Documentos\trabalhoFacul\laboratorio-de-experimentacao\lab-2\clone_repositories\spring-boot\buildSrc\src\main\java\org\springframework\boot\build\bom\BomExtension.java,org.springframework.boot.build.bom.BomExtension$UpgradeHandler,innerclass,5,5,0,5,3,1,0,1,1,0.5,0.0,0.0,3,0,3,0,0,0,3,0,0,0,2,0,0,2,0,0,1,0,0,13,0,0,0,0,0,0,0,2,0,2,0,0,0,0,11,9,0
C:\Users\ramon\OneDrive\Documentos\trabalhoFacul\laboratorio-de-experimentacao\lab-2\clone_repositories\spring-boot\buildSrc\src\main\java\org\springframework\boot\build\bom\bomr\UpgradeResolver.java,org.springframework.boot.build.bom.bomr.UpgradeResolver,interface,2,3,1,2,1,1,0,0,0,0.0,NaN,NaN,1,0,0,0,0,1,1,0,0,0,0,0,0,0,0,0,0,0,0,3,0,0,0,0,0,0,0,0,0,0,0,0,0,0,19,0,0
C:\Users\ramon\OneDrive\Documentos\trabalhoFacul\laboratorio-de-experimentacao\lab-2\clone_repositories\spring-boot\buildSrc\src\test\java\org\springframework\boot\build\bom\bomr\InteractiveUpgradeResolverTests.java,org.springframework.boot.build.bom.bomr.InteractiveUpgradeResolverTests,class,13,14,1,13,2,1,0,17,1,0.0,NaN,NaN,2,0,0,1,0,1,1,0,0,0,0,0,0,0,0,0,0,0,3,28,1,0,0,0,0,5,1,14,0,14,0,0,0,0,37,0,0
C:\Users\ramon\OneDrive\Documentos\trabalhoFacul\laboratorio-de-experimentacao\lab-2\clone_repositories\spring-boot\buildSrc\src\main\java\org\springframework\boot\build\context\properties\DocumentConfigurationProperties.java,org.springframework.boot.build.context.properties.DocumentConfigurationProperties,class,10,11,1,10,22,2,0,8,225,0.8636364,0.0,0.0,22,0,3,18,0,1,4,1,0,0,1,0,0,1,0,0,0,0,0,157,1,0,0,0,0,129,0,2,0,2,0,0,0,0,67,1025,0
C:\Users\ramon\OneDrive\Documentos\trabalhoFacul\laboratorio-de-experimentacao\lab-2\clone_repositories\spring-boot\buildSrc\src\main\java\org\springframework\boot\build\bom\bomr\ReleaseSchedule.java,org.springframework.boot.build.bom.bomr.ReleaseSchedule,class,6,8,2,6,5,1,0,16,4,0.625,0.0,0.0,4,0,0,1,0,3,3,0,0,0,2,1,0,2,0,0,2,0,3,47,3,0,0,0,0,7,2,10,1,12,1,0,1,2,54,0,0
C:\Users\ramon\OneDrive\Documentos\trabalhoFacul\laboratorio-de-experimentacao\lab-2\clone_repositories\spring-boot\buildSrc\src\main\java\org\springframework\boot\build\cli\HomebrewFormula.java,org.springframework.boot.build.cli.HomebrewFormula,class,18,19,1,18,9,2,0,24,19,0.7619048,0.0,0.0,7,0,4,1,0,2,6,4,0,0,3,1,0,3,0,0,3,0,2,39,2,0,1,1,0,5,0,6,0,8,1,0,0,2,45,1025,1
C:\Users\ramon\OneDrive\Documentos\trabalhoFacul\laboratorio-de-experimentacao\lab-2\clone_repositories\spring-boot\buildSrc\src\test\java\org\springframework\boot\build\architecture\untangled\UntangledOne.java,org.springframework.boot.build.architecture.untangled.UntangledOne,class,1,1,0,1,1,1,0,1,0,1.0,-1.0,-1.0,1,0,0,1,0,0,0,0,0,0,1,1,1,0,0,0,1,0,0,5,0,0,0,0,0,1,0,1,1,1,0,0,0,0,4,17,0
C:\Users\ramon\OneDrive\Documentos\trabalhoFacul\laboratorio-de-experimentacao\lab-2\clone_repositories\spring-boot\buildSrc\src\test\java\org\springframework\boot\build\bom\bomr\version\DependencyVersionTests.java,org.springframework.boot.build.bom.bomr.version.DependencyVersionTests,class,8,8,0,8,8,1,0,4,28,0.0,0.0,0.0,8,0,0,0,0,8,8,0,0,0,0,0,0,0,0,0,0,0,8,26,0,0,0,0,0,8,0,0,0,0,0,0,0,0,31,0,0
C:\Users\ramon\OneDrive\Documentos\trabalhoFacul\laboratorio-de-experimentacao\lab-2\clone_repositories\spring-boot\buildSrc\src\main\java\org\springframework\boot\build\antora\Contribution.java,org.springframework.boot.build.antora.Contribution,class,9,14,5,9,16,1,2,25,38,0.61538464,0.0,0.0,13,0,0,3,10,0,10,0,0,0,2,0,0,2,0,0,2,0,3,55,10,1,1,0,0,5,0,6,2,5,2,0,0,1,43,1024,0
C:\Users\ramon\OneDrive\Documentos\trabalhoFacul\laboratorio-de-experimentacao\lab-2\clone_repositories\spring-boot\buildSrc\src\main\java\org\springframework\boot\build\bom\BomExtension.java,org.springframework.boot.build.bom.BomExtension$LibraryHandler$AlignWithHandler,innerclass,2,2,0,2,2,1,0,1,1,0.5,0.0,0.0,2,0,2,0,0,0,2,0,0,0,2,0,0,2,0,0,0,0,0,21,0,0,0,0,0,0,0,2,0,2,0,0,1,0,12,9,0
C:\Users\ramon\OneDrive\Documentos\trabalhoFacul\laboratorio-de-experimentacao\lab-2\clone_repositories\spring-boot\buildSrc\src\main\java\org\springframework\boot\build\context\properties\ConfigurationProperties.java,org.springframework.boot.build.context.properties.ConfigurationProperties,class,3,6,3,3,8,1,0,10,0,0.25,0.0,0.0,4,1,0,1,0,3,3,0,0,0,1,0,0,1,0,0,1,0,2,32,3,3,0,1,0,3,0,5,0,5,3,0,0,0,41,16,0
C:\Users\ramon\OneDrive\Documentos\trabalhoFacul\laboratorio-de-experimentacao\lab-2\clone_repositories\spring-boot\buildSrc\src\main\java\org\springframework\boot\build\mavenplugin\MavenPluginPlugin.java,org.springframework.boot.build.mavenplugin.MavenPluginPlugin,class,41,42,1,41,25,4,0,99,231,0.0,NaN,NaN,22,0,1,21,0,0,1,0,0,0,0,0,0,0,0,0,0,0,1,330,10,1,0,0,0,47,1,30,0,60,3,0,5,30,125,1,0
C:\Users\ramon\OneDrive\Documentos\trabalhoFacul\laboratorio-de-experimentacao\lab-2\clone_repositories\spring-boot\buildSrc\src\main\java\org\springframework\boot\build\context\properties\CompoundRow.java,org.springframework.boot.build.context.properties.CompoundRow,class,4,6,2,4,3,2,0,6,0,0.16666667,0.0,0.0,3,0,0,0,0,3,3,0,0,0,2,0,0,2,0,0,2,0,0,21,0,0,0,0,0,9,0,2,2,2,0,0,0,0,31,0,0
C:\Users\ramon\OneDrive\Documentos\trabalhoFacul\laboratorio-de-experimentacao\lab-2\clone_repositories\spring-boot\buildSrc\src\main\java\org\springframework\boot\build\mavenplugin\DocumentPluginGoals.java,org.springframework.boot.build.mavenplugin.DocumentPluginGoals,class,13,15,2,13,32,2,0,52,120,0.9375,0.0,0.0,16,0,4,12,0,0,4,3,0,0,1,0,0,1,0,0,1,0,2,166,8,5,3,2,1,59,5,17,10,16,2,0,0,1,77,1025,0
C:\Users\ramon\OneDrive\Documentos\trabalhoFacul\laboratorio-de-experimentacao\lab-2\clone_repositories\spring-boot\buildSrc\src\main\java\org\springframework\boot\build\test\IntegrationTestPlugin.java,org.springframework.boot.build.test.IntegrationTestPlugin,class,11,14,3,11,4,1,0,32,6,0.75,NaN,NaN,4,0,1,3,0,0,1,0,0,0,2,2,2,0,0,0,0,0,0,36,2,0,0,0,0,4,0,8,0,12,1,0,0,4,48,1,0
C:\Users\ramon\OneDrive\Documentos\trabalhoFacul\laboratorio-de-experimentacao\lab-2\clone_repositories\spring-boot\spring-boot-project\spring-boot-actuator-autoconfigure\src\main\java\org\springframework\boot\actuate\autoconfigure\cloudfoundry\Token.java,org.springframework.boot.actuate.autoconfigure.cloudfoundry.Token,class,4,5,1,4,17,1,0,17,29,0.72727275,0.0,0.0,11,0,9,2,0,0,9,0,0,0,4,0,0,4,0,0,4,0,2,63,10,0,1,1,0,13,5,8,4,8,1,0,0,0,62,1,0
C:\Users\ramon\OneDrive\Documentos\trabalhoFacul\laboratorio-de-experimentacao\lab-2\clone_repositories\spring-boot\buildSrc\src\main\java\org\springframework\boot\build\mavenplugin\MavenPluginPlugin.java,org.springframework.boot.build.mavenplugin.MavenPluginPlugin$ExtractVersionProperties,innerclass,10,10,0,10,7,2,0,13,9,0.5,0.0,0.0,6,0,4,2,0,0,4,1,0,0,1,0,0,1,0,0,0,0,0,39,2,0,0,1,0,11,0,6,0,6,1,0,0,0,35,1033,0
C:\Users\ramon\OneDrive\Documentos\trabalhoFacul\laboratorio-de-experimentacao\lab-2\clone_repositories\spring-boot\buildSrc\src\test\java\org\springframework\boot\build\context\properties\TableTests.java,org.springframework.boot.build.context.properties.TableTests,class,6,6,0,6,1,1,0,5,0,0.0,NaN,NaN,1,0,0,0,0,1,1,0,0,0,2,2,0,2,0,0,2,0,1,12,0,0,0,0,0,20,0,4,1,4,0,0,0,0,36,0,0
C:\Users\ramon\OneDrive\Documentos\trabalhoFacul\laboratorio-de-experimentacao\lab-2\clone_repositories\spring-boot\buildSrc\src\main\java\org\springframework\boot\build\bom\Library.java,org.springframework.boot.build.bom.Library$Group,innerclass,1,1,0,1,5,1,0,0,2,0.6,0.0,0.0,5,0,5,0,0,0,5,0,0,0,4,0,0,4,0,0,4,0,0,24,4,0,0,0,0,0,0,4,0,4,0,0,0,0,19,9,0
C:\Users\ramon\OneDrive\Documentos\trabalhoFacul\laboratorio-de-experimentacao\lab-2\clone_repositories\spring-boot\buildSrc\src\main\java\org\springframework\boot\build\antora\LocalAggregateContentContribution.java,org.springframework.boot.build.antora.LocalAggregateContentContribution,class,8,9,1,8,3,3,0,7,3,0.0,0.0,0.0,3,0,0,1,1,1,2,0,0,0,0,0,0,0,0,0,0,0,0,12,0,0,0,0,0,2,0,0,0,0,0,0,0,0,36,0,0
C:\Users\ramon\OneDrive\Documentos\trabalhoFacul\laboratorio-de-experimentacao\lab-2\clone_repositories\spring-boot\buildSrc\src\main\java\org\springframework\boot\build\context\properties\CheckSpringConfigurationMetadata.java,org.springframework.boot.build.context.properties.CheckSpringConfigurationMetadata,class,12,14,2,12,20,2,0,24,34,0.7777778,0.0,0.0,9,0,4,4,0,1,5,3,0,0,1,0,0,1,0,0,1,0,1,75,6,2,2,0,0,9,2,9,2,9,3,0,1,0,53,1025,0
C:\Users\ramon\OneDrive\Documentos\trabalhoFacul\laboratorio-de-experimentacao\lab-2\clone_repositories\spring-boot\buildSrc\src\test\java\org\springframework\boot\build\bom\BomPluginIntegrationTests.java,org.springframework.boot.build.bom.BomPluginIntegrationTests,class,6,7,1,6,10,1,0,19,0,0.45,0.0,0.0,10,0,0,2,0,8,8,0,0,0,2,0,0,2,0,0,0,0,0,250,1,0,0,7,0,232,0,22,0,28,1,0,0,7,80,0,0
C:\Users\ramon\OneDrive\Documentos\trabalhoFacul\laboratorio-de-experimentacao\lab-2\clone_repositories\spring-boot\buildSrc\src\test\java\org\springframework\boot\build\architecture\bpp\unsafeparameters\UnsafeParametersBeanPostProcessorConfiguration.java,org.springframework.boot.build.architecture.bpp.unsafeparameters.UnsafeParametersBeanPostProcessorConfiguration$Anonymous1,anonymous,0,0,0,0,0,1,0,0,0,0.0,-1.0,-1.0,0,0,0,0,0,0,0,0,0,0,0,0,0,0,0,0,0,0,0,2,0,0,0,0,0,0,0,0,0,0,0,0,0,0,0,-1,0
C:\Users\ramon\OneDrive\Documentos\trabalhoFacul\laboratorio-de-experimentacao\lab-2\clone_repositories\spring-boot\buildSrc\src\main\java\org\springframework\boot\build\context\properties\Table.java,org.springframework.boot.build.context.properties.Table,class,2,4,2,2,2,1,0,4,0,0.0,0.0,0.0,2,0,0,0,0,2,2,0,0,0,1,0,0,1,0,0,1,0,0,18,0,0,0,0,0,4,0,1,0,2,1,0,0,1,24,0,0
C:\Users\ramon\OneDrive\Documentos\trabalhoFacul\laboratorio-de-experimentacao\lab-2\clone_repositories\spring-boot\buildSrc\src\main\java\org\springframework\boot\build\bom\BomExtension.java,org.springframework.boot.build.bom.BomExtension$Upgrade,innerclass,2,2,0,2,3,1,0,0,0,0.33333334,0.0,0.0,3,0,2,1,0,0,2,0,0,0,2,0,0,2,0,0,2,0,0,14,2,0,0,0,0,0,0,2,0,2,0,0,0,0,7,25,0
C:\Users\ramon\OneDrive\Documentos\trabalhoFacul\laboratorio-de-experimentacao\lab-2\clone_repositories\spring-boot\buildSrc\src\main\java\org\springframework\boot\build\classpath\CheckClasspathForUnconstrainedDirectDependencies.java,org.springframework.boot.build.classpath.CheckClasspathForUnconstrainedDirectDependencies,class,8,9,1,8,5,2,0,18,0,0.25,0.0,0.0,4,0,3,0,0,1,4,0,0,0,1,0,0,1,0,0,0,0,2,22,1,0,0,0,0,3,0,5,3,8,1,0,0,3,37,1025,0
C:\Users\ramon\OneDrive\Documentos\trabalhoFacul\laboratorio-de-experimentacao\lab-2\clone_repositories\spring-boot\buildSrc\src\main\java\org\springframework\boot\build\bom\BomExtension.java,org.springframework.boot.build.bom.BomExtension$LinksHandler,innerclass,6,6,0,6,20,1,0,16,153,0.9444444,0.0,0.0,18,0,16,2,0,0,16,0,0,0,1,0,0,1,0,0,1,0,1,62,2,0,1,0,1,10,0,3,0,6,1,0,0,3,25,9,0
C:\Users\ramon\OneDrive\Documentos\trabalhoFacul\laboratorio-de-experimentacao\lab-2\clone_repositories\spring-boot\buildSrc\src\main\java\org\springframework\boot\build\bom\CheckBom.java,org.springframework.boot.build.bom.CheckBom,class,22,24,2,22,39,2,0,79,24,0.6666667,0.0,0.0,9,0,1,7,0,1,2,0,0,0,3,0,0,3,0,0,3,0,6,139,5,7,6,0,3,31,6,26,14,28,5,0,0,4,102,1025,0
C:\Users\ramon\OneDrive\Documentos\trabalhoFacul\laboratorio-de-experimentacao\lab-2\clone_repositories\spring-boot\buildSrc\src\main\java\org\springframework\boot\build\ExtractResources.java,org.springframework.boot.build.ExtractResources,class,10,12,2,10,6,2,0,12,6,0.75,0.0,0.0,4,0,3,0,0,1,4,3,0,0,1,0,0,1,0,0,1,0,0,17,0,1,1,0,0,4,0,4,1,3,2,0,0,0,40,1025,0
C:\Users\ramon\OneDrive\Documentos\trabalhoFacul\laboratorio-de-experimentacao\lab-2\clone_repositories\spring-boot\buildSrc\src\main\java\org\springframework\boot\build\antora\Extensions.java,org.springframework.boot.build.antora.AntoraExtensionsConfiguration$ZipContentsCollector,innerclass,3,3,0,3,8,2,0,8,15,0.0,0.0,0.0,6,0,0,1,0,5,5,0,0,0,0,0,0,0,0,0,0,0,1,21,1,0,1,0,0,6,0,0,0,0,1,0,0,0,20,0,0
C:\Users\ramon\OneDrive\Documentos\trabalhoFacul\laboratorio-de-experimentacao\lab-2\clone_repositories\spring-boot\buildSrc\src\main\java\org\springframework\boot\build\bom\BomExtension.java,org.springframework.boot.build.bom.BomExtension$LibraryHandler$ProhibitedHandler,innerclass,2,2,0,2,9,1,0,3,22,0.8,0.0,0.0,8,0,8,0,0,0,8,0,0,0,5,0,0,5,0,0,3,0,0,36,0,0,0,1,0,1,0,5,0,5,1,0,0,0,17,9,0
C:\Users\ramon\OneDrive\Documentos\trabalhoFacul\laboratorio-de-experimentacao\lab-2\clone_repositories\spring-boot\buildSrc\src\main\java\org\springframework\boot\build\bom\bomr\version\LeadingZeroesDependencyVersion.java,org.springframework.boot.build.bom.bomr.version.LeadingZeroesDependencyVersion,class,4,6,2,4,4,3,0,4,1,0.5,0.0,0.0,3,1,1,1,0,1,2,0,0,0,2,1,0,2,0,0,2,0,1,19,3,0,0,0,0,1,3,4,1,4,1,0,0,0,27,16,0
C:\Users\ramon\OneDrive\Documentos\trabalhoFacul\laboratorio-de-experimentacao\lab-2\clone_repositories\spring-boot\buildSrc\src\test\java\org\springframework\boot\build\architecture\bpp\nonstatic\NonStaticBeanPostProcessorConfiguration.java,org.springframework.boot.build.architecture.bpp.nonstatic.NonStaticBeanPostProcessorConfiguration$Anonymous1,anonymous,0,0,0,0,0,1,0,0,0,0.0,-1.0,-1.0,0,0,0,0,0,0,0,0,0,0,0,0,0,0,0,0,0,0,0,2,0,0,0,0,0,0,0,0,0,0,0,0,0,0,0,-1,0
C:\Users\ramon\OneDrive\Documentos\trabalhoFacul\laboratorio-de-experimentacao\lab-2\clone_repositories\spring-boot\buildSrc\src\main\java\org\springframework\boot\build\classpath\CheckClasspathForProhibitedDependencies.java,org.springframework.boot.build.classpath.CheckClasspathForProhibitedDependencies,class,8,10,2,8,10,2,0,25,22,0.7916667,0.0,0.0,8,0,4,4,0,0,4,0,0,0,3,2,0,3,0,0,2,0,5,36,5,1,0,0,0,15,0,5,1,8,2,0,0,3,56,1025,0
C:\Users\ramon\OneDrive\Documentos\trabalhoFacul\laboratorio-de-experimentacao\lab-2\clone_repositories\spring-boot\buildSrc\src\main\java\org\springframework\boot\build\bom\bomr\VersionOption.java,org.springframework.boot.build.bom.bomr.VersionOption$ResolvedVersionOption,innerclass,2,2,0,2,3,2,0,3,0,0.0,0.0,0.0,2,0,1,0,0,1,2,0,0,0,1,0,0,1,0,0,1,0,0,13,2,0,0,0,0,3,0,1,1,1,1,0,0,0,12,24,0
C:\Users\ramon\OneDrive\Documentos\trabalhoFacul\laboratorio-de-experimentacao\lab-2\clone_repositories\spring-boot\buildSrc\src\test\java\org\springframework\boot\build\architecture\bpp\unsafeparameters\UnsafeParametersBeanPostProcessorConfiguration.java,org.springframework.boot.build.architecture.bpp.unsafeparameters.UnsafeParametersBeanPostProcessorConfiguration,class,4,4,0,4,3,1,0,0,3,0.0,0.0,0.0,3,1,0,0,0,3,3,0,0,0,0,0,0,0,0,0,0,0,0,13,3,0,0,0,0,1,1,0,0,0,0,1,0,0,13,0,0
C:\Users\ramon\OneDrive\Documentos\trabalhoFacul\laboratorio-de-experimentacao\lab-2\clone_repositories\spring-boot\buildSrc\src\main\java\org\springframework\boot\build\bom\bomr\MultithreadedLibraryUpdateResolver.java,org.springframework.boot.build.bom.bomr.MultithreadedLibraryUpdateResolver,class,5,7,2,5,6,1,0,17,1,0.44444445,0.0,0.0,3,0,1,1,0,1,2,0,0,0,3,1,0,3,0,0,3,0,5,39,4,0,1,2,0,1,0,4,0,5,3,0,0,2,37,0,1
C:\Users\ramon\OneDrive\Documentos\trabalhoFacul\laboratorio-de-experimentacao\lab-2\clone_repositories\spring-boot\buildSrc\src\main\java\org\springframework\boot\build\bom\bomr\UpgradeBom.java,org.springframework.boot.build.bom.bomr.UpgradeBom,class,7,8,1,7,8,3,0,12,6,0.0,0.0,0.0,4,0,1,2,1,0,2,0,0,0,0,0,0,0,0,0,0,0,0,27,1,0,0,0,0,4,0,1,1,2,1,0,0,1,37,1025,0
C:\Users\ramon\OneDrive\Documentos\trabalhoFacul\laboratorio-de-experimentacao\lab-2\clone_repositories\spring-boot\buildSrc\src\main\java\org\springframework\boot\build\constraints\DocumentConstrainedVersions.java,org.springframework.boot.build.constraints.DocumentConstrainedVersions,class,8,9,1,8,4,2,0,12,3,0.0,0.0,0.0,3,0,3,0,0,0,3,2,0,0,0,0,0,0,0,0,0,0,0,19,0,1,0,1,0,6,0,2,0,2,2,0,0,0,27,1025,0
C:\Users\ramon\OneDrive\Documentos\trabalhoFacul\laboratorio-de-experimentacao\lab-2\clone_repositories\spring-boot\buildSrc\src\main\java\org\springframework\boot\build\bom\bomr\StandardLibraryUpdateResolver.java,org.springframework.boot.build.bom.bomr.StandardLibraryUpdateResolver,class,14,16,2,14,25,1,0,43,24,0.7916667,0.0,0.0,8,0,1,4,2,1,4,0,0,0,3,1,0,3,0,0,3,0,4,92,8,6,6,0,0,6,1,17,4,19,3,0,0,2,52,0,2
C:\Users\ramon\OneDrive\Documentos\trabalhoFacul\laboratorio-de-experimentacao\lab-2\clone_repositories\spring-boot\buildSrc\src\main\java\org\springframework\boot\build\autoconfigure\DocumentAutoConfigurationClasses.java,org.springframework.boot.build.autoconfigure.DocumentAutoConfigurationClasses$AutoConfigurationClass,innerclass,1,1,0,1,2,1,0,1,0,0.25,NaN,NaN,2,0,1,1,0,0,1,0,0,0,2,0,0,2,0,0,2,0,0,11,1,0,0,0,0,0,0,2,0,2,0,0,0,0,8,26,0
C:\Users\ramon\OneDrive\Documentos\trabalhoFacul\laboratorio-de-experimentacao\lab-2\clone_repositories\spring-boot\buildSrc\src\main\java\org\springframework\boot\build\MavenPublishingConventions.java,org.springframework.boot.build.MavenPublishingConventions,class,14,16,2,14,16,1,0,47,43,0.8,NaN,NaN,10,0,0,9,0,1,1,0,0,0,1,1,0,1,0,0,1,0,0,87,3,0,2,0,0,21,0,3,0,15,3,0,0,12,105,0,2
C:\Users\ramon\OneDrive\Documentos\trabalhoFacul\laboratorio-de-experimentacao\lab-2\clone_repositories\spring-boot\buildSrc\src\test\java\org\springframework\boot\build\architecture\untangled\sub\UntangledTwo.java,org.springframework.boot.build.architecture.untangled.sub.UntangledTwo,class,0,1,1,0,1,1,0,0,0,1.0,-1.0,-1.0,1,0,0,1,0,0,0,0,0,0,1,1,1,0,0,0,1,0,0,5,0,0,0,0,0,1,0,1,0,1,0,0,0,0,4,17,0
C:\Users\ramon\OneDrive\Documentos\trabalhoFacul\laboratorio-de-experimentacao\lab-2\clone_repositories\spring-boot\buildSrc\src\test\java\org\springframework\boot\build\architecture\bpp\safeparameters\SafeParametersBeanPostProcessorConfiguration.java,org.springframework.boot.build.architecture.bpp.safeparameters.SafeParametersBeanPostProcessorConfiguration$Anonymous1,anonymous,0,0,0,0,0,1,0,0,0,0.0,-1.0,-1.0,0,0,0,0,0,0,0,0,0,0,0,0,0,0,0,0,0,0,0,2,0,0,0,0,0,0,0,0,0,0,0,0,0,0,0,-1,0
C:\Users\ramon\OneDrive\Documentos\trabalhoFacul\laboratorio-de-experimentacao\lab-2\clone_repositories\spring-boot\buildSrc\src\main\java\org\springframework\boot\build\KotlinConventions.java,org.springframework.boot.build.KotlinConventions,class,7,8,1,7,4,1,0,33,3,0.0,NaN,NaN,3,0,0,2,0,1,1,0,0,0,0,0,0,0,0,0,0,0,0,40,0,0,0,0,0,13,0,4,1,9,3,0,0,5,61,0,0
C:\Users\ramon\OneDrive\Documentos\trabalhoFacul\laboratorio-de-experimentacao\lab-2\clone_repositories\spring-boot\buildSrc\src\main\java\org\springframework\boot\build\ConventionsPlugin.java,org.springframework.boot.build.ConventionsPlugin,class,11,12,1,11,1,1,0,9,0,0.0,NaN,NaN,1,0,1,0,0,0,1,0,0,0,0,0,0,0,0,0,0,0,1,13,0,0,0,0,0,0,0,0,0,0,0,0,0,0,41,1,0
C:\Users\ramon\OneDrive\Documentos\trabalhoFacul\laboratorio-de-experimentacao\lab-2\clone_repositories\spring-boot\buildSrc\src\main\java\org\springframework\boot\build\autoconfigure\AutoConfigurationPlugin.java,org.springframework.boot.build.autoconfigure.AutoConfigurationPlugin$Anonymous1,anonymous,2,2,0,2,2,1,0,5,0,0.0,NaN,NaN,1,0,1,0,0,0,1,0,0,0,0,0,0,0,0,0,0,0,0,8,0,0,0,0,0,1,0,1,1,1,1,0,0,0,14,-1,0
C:\Users\ramon\OneDrive\Documentos\trabalhoFacul\laboratorio-de-experimentacao\lab-2\clone_repositories\spring-boot\buildSrc\src\test\java\org\springframework\boot\build\bom\bomr\ReleaseScheduleTests.java,org.springframework.boot.build.bom.bomr.ReleaseScheduleTests,class,6,6,0,6,1,1,0,11,0,0.33333334,NaN,NaN,1,0,0,0,0,1,1,0,0,0,3,0,0,3,0,0,3,0,2,14,0,0,0,0,0,8,5,4,0,4,0,0,0,0,25,0,0
C:\Users\ramon\OneDrive\Documentos\trabalhoFacul\laboratorio-de-experimentacao\lab-2\clone_repositories\spring-boot\buildSrc\src\main\java\org\springframework\boot\build\context\properties\CheckSpringConfigurationMetadata.java,org.springframework.boot.build.context.properties.CheckSpringConfigurationMetadata$Report,innerclass,0,0,0,0,4,1,0,8,0,0.33333334,NaN,NaN,3,0,1,2,0,0,1,0,0,0,2,0,0,2,0,0,2,0,0,25,2,0,0,0,0,6,0,3,1,4,1,0,0,1,16,26,0
C:\Users\ramon\OneDrive\Documentos\trabalhoFacul\laboratorio-de-experimentacao\lab-2\clone_repositories\spring-boot\buildSrc\src\main\java\org\springframework\boot\build\testing\TestResultsOverview.java,org.springframework.boot.build.testing.TestResultsOverview$TestFailure,innerclass,2,2,0,2,3,1,0,3,0,0.0,NaN,NaN,2,0,1,1,0,0,1,0,0,0,1,0,0,1,0,0,1,0,0,13,1,0,1,0,0,0,1,3,0,2,1,0,0,0,8,26,0
C:\Users\ramon\OneDrive\Documentos\trabalhoFacul\laboratorio-de-experimentacao\lab-2\clone_repositories\spring-boot\buildSrc\src\test\java\org\springframework\boot\build\architecture\objects\noRequireNonNull\NoRequireNonNull.java,org.springframework.boot.build.architecture.objects.noRequireNonNull.NoRequireNonNull,class,0,0,0,0,1,1,0,3,0,0.0,NaN,NaN,1,0,0,0,0,1,1,0,0,0,0,0,0,0,0,0,0,0,1,6,0,0,0,0,0,1,0,0,0,0,0,0,0,0,10,0,0
C:\Users\ramon\OneDrive\Documentos\trabalhoFacul\laboratorio-de-experimentacao\lab-2\clone_repositories\spring-boot\buildSrc\src\main\java\org\springframework\boot\build\architecture\ArchitectureCheck.java,org.springframework.boot.build.architecture.ArchitectureCheck,class,23,27,4,23,18,2,0,39,93,0.73333335,0.0,0.0,15,0,7,5,0,3,10,5,1,0,1,0,0,1,0,0,0,0,3,53,6,1,0,0,1,4,0,5,1,7,1,0,0,2,71,1025,0
C:\Users\ramon\OneDrive\Documentos\trabalhoFacul\laboratorio-de-experimentacao\lab-2\clone_repositories\spring-boot\buildSrc\src\main\java\org\springframework\boot\build\context\properties\CheckAdditionalSpringConfigurationMetadata.java,org.springframework.boot.build.context.properties.CheckAdditionalSpringConfigurationMetadata$Report,innerclass,1,1,0,1,7,1,0,6,0,0.0,NaN,NaN,3,0,1,2,0,0,1,0,0,0,1,0,0,1,0,0,1,0,0,31,4,2,0,0,0,3,0,3,0,3,2,0,0,0,13,26,0
C:\Users\ramon\OneDrive\Documentos\trabalhoFacul\laboratorio-de-experimentacao\lab-2\clone_repositories\spring-boot\buildSrc\src\test\java\org\springframework\boot\build\antora\GenerateAntoraPlaybookTests.java,org.springframework.boot.build.antora.GenerateAntoraPlaybookTests,class,8,9,1,8,3,1,0,31,0,0.0,0.0,0.0,3,0,0,1,0,2,2,0,0,0,1,0,0,0,0,1,0,0,4,36,0,0,0,0,0,19,0,9,0,12,1,0,0,2,46,0,0
C:\Users\ramon\OneDrive\Documentos\trabalhoFacul\laboratorio-de-experimentacao\lab-2\clone_repositories\spring-boot\buildSrc\src\main\java\org\springframework\boot\build\bom\Library.java,org.springframework.boot.build.bom.Library$LibraryVersion,innerclass,3,3,0,3,13,1,0,9,43,0.6363636,0.0,0.0,11,0,10,1,0,0,10,0,0,0,1,0,0,1,0,0,1,0,1,46,10,0,0,0,0,9,7,7,2,5,1,0,0,0,20,9,0
C:\Users\ramon\OneDrive\Documentos\trabalhoFacul\laboratorio-de-experimentacao\lab-2\clone_repositories\spring-boot\buildSrc\src\test\java\org\springframework\boot\build\bom\bomr\version\ArtifactVersionDependencyVersionTests.java,org.springframework.boot.build.bom.bomr.version.ArtifactVersionDependencyVersionTests,class,3,4,1,3,21,1,0,10,210,0.0,0.0,0.0,21,0,0,1,0,20,20,0,0,0,0,0,0,0,0,0,0,0,1,65,1,0,0,0,0,38,0,0,0,0,0,0,0,0,32,0,0
C:\Users\ramon\OneDrive\Documentos\trabalhoFacul\laboratorio-de-experimentacao\lab-2\clone_repositories\spring-boot\buildSrc\src\main\java\org\springframework\boot\build\context\properties\Snippets.java,org.springframework.boot.build.context.properties.Snippets,class,10,12,2,10,16,1,0,41,20,0.6875,0.0,0.0,8,0,0,5,0,3,3,0,0,0,2,0,0,2,0,0,2,0,9,78,2,1,1,1,1,9,1,12,4,20,3,0,0,7,66,0,0
C:\Users\ramon\OneDrive\Documentos\trabalhoFacul\laboratorio-de-experimentacao\lab-2\clone_repositories\spring-boot\buildSrc\src\test\java\org\springframework\boot\build\bom\bomr\version\DependencyVersionUpgradeTests.java,org.springframework.boot.build.bom.bomr.version.DependencyVersionUpgradeTests$InputProvider,innerclass,10,10,0,10,7,1,0,25,10,0.0,NaN,NaN,5,0,1,4,0,0,1,0,0,0,0,0,0,0,0,0,0,0,5,26,6,0,2,0,1,0,0,6,0,9,1,0,0,3,23,8,0
C:\Users\ramon\OneDrive\Documentos\trabalhoFacul\laboratorio-de-experimentacao\lab-2\clone_repositories\spring-boot\buildSrc\src\main\java\org\springframework\boot\build\bom\BomPlugin.java,org.springframework.boot.build.bom.BomPlugin,class,16,18,2,16,2,1,0,19,1,0.5,NaN,NaN,2,0,1,1,0,0,1,0,0,0,1,1,0,0,0,1,1,0,0,192,0,0,0,0,0,7,0,6,0,8,1,0,1,2,52,1,0
C:\Users\ramon\OneDrive\Documentos\trabalhoFacul\laboratorio-de-experimentacao\lab-2\clone_repositories\spring-boot\buildSrc\src\main\java\org\springframework\boot\build\context\properties\CheckAdditionalSpringConfigurationMetadata.java,org.springframework.boot.build.context.properties.CheckAdditionalSpringConfigurationMetadata$Analysis,innerclass,0,0,0,0,1,1,0,0,0,0.5,-1.0,-1.0,1,0,0,1,0,0,0,0,0,0,2,0,0,2,0,0,2,0,0,7,0,0,0,0,0,0,0,2,0,2,0,0,0,0,4,26,0
C:\Users\ramon\OneDrive\Documentos\trabalhoFacul\laboratorio-de-experimentacao\lab-2\clone_repositories\spring-boot\buildSrc\src\main\java\org\springframework\boot\build\mavenplugin\PluginXmlParser.java,org.springframework.boot.build.mavenplugin.PluginXmlParser,class,8,11,3,8,19,1,0,27,30,0.6666667,0.0,0.0,9,0,0,7,0,2,2,0,0,0,1,0,0,1,0,0,1,0,4,172,8,3,3,1,1,48,0,11,1,11,2,0,4,0,56,0,0
C:\Users\ramon\OneDrive\Documentos\trabalhoFacul\laboratorio-de-experimentacao\lab-2\clone_repositories\spring-boot\buildSrc\src\main\java\org\springframework\boot\build\EclipseConventions.java,org.springframework.boot.build.EclipseConventions,class,9,11,2,9,7,1,0,16,15,0.0,NaN,NaN,6,0,0,5,0,1,1,0,0,0,0,0,0,0,0,0,0,0,1,30,3,0,0,0,3,4,0,2,0,4,2,0,0,2,47,0,0
C:\Users\ramon\OneDrive\Documentos\trabalhoFacul\laboratorio-de-experimentacao\lab-2\clone_repositories\spring-boot\buildSrc\src\main\java\org\springframework\boot\build\antora\Extensions.java,org.springframework.boot.build.antora.AntoraExtensionsConfiguration$Customizer,innerclass,0,0,0,0,2,1,0,2,0,0.0,0.0,0.0,2,0,0,0,1,1,2,0,0,0,1,0,0,1,0,0,1,0,0,9,0,0,0,0,0,0,0,1,0,2,0,0,0,1,5,1024,0
C:\Users\ramon\OneDrive\Documentos\trabalhoFacul\laboratorio-de-experimentacao\lab-2\clone_repositories\spring-boot\buildSrc\src\test\java\org\springframework\boot\build\bom\bomr\version\CalendarVersionDependencyVersionTests.java,org.springframework.boot.build.bom.bomr.version.CalendarVersionDependencyVersionTests,class,5,6,1,5,11,1,0,11,55,0.0,0.0,0.0,11,0,0,2,0,9,9,0,0,0,0,0,0,0,0,0,0,0,2,35,2,0,0,0,0,16,0,0,0,0,0,0,0,0,30,0,0
C:\Users\ramon\OneDrive\Documentos\trabalhoFacul\laboratorio-de-experimentacao\lab-2\clone_repositories\spring-boot\buildSrc\src\main\java\org\springframework\boot\build\mavenplugin\MavenPluginPlugin.java,org.springframework.boot.build.mavenplugin.MavenPluginPlugin$FormatHelpMojoSource,innerclass,11,11,0,11,7,2,0,23,4,0.5,0.0,0.0,5,0,2,1,0,2,4,1,0,0,2,0,0,2,0,0,1,0,2,29,0,1,0,1,0,1,0,5,0,6,1,0,0,1,33,1033,0
C:\Users\ramon\OneDrive\Documentos\trabalhoFacul\laboratorio-de-experimentacao\lab-2\clone_repositories\spring-boot\buildSrc\src\test\java\org\springframework\boot\build\assertj\NodeAssert.java,org.springframework.boot.build.assertj.NodeAssert,class,6,8,2,6,9,2,0,7,13,0.8333333,0.0,0.0,6,1,5,1,0,0,5,0,0,0,3,1,0,3,0,0,3,0,3,38,4,0,0,3,0,1,0,3,1,3,1,0,0,0,33,1,0
C:\Users\ramon\OneDrive\Documentos\trabalhoFacul\laboratorio-de-experimentacao\lab-2\clone_repositories\spring-boot\buildSrc\src\main\java\org\springframework\boot\build\starters\DocumentStarters.java,org.springframework.boot.build.starters.DocumentStarters,class,13,14,1,13,11,2,0,36,16,0.5,0.0,0.0,8,0,3,4,0,1,4,1,0,0,1,0,0,1,0,0,1,0,1,84,4,0,0,2,0,18,0,7,1,10,3,0,1,3,54,1025,0
C:\Users\ramon\OneDrive\Documentos\trabalhoFacul\laboratorio-de-experimentacao\lab-2\clone_repositories\spring-boot\buildSrc\src\main\java\org\springframework\boot\build\antora\AntoraDependenciesPlugin.java,org.springframework.boot.build.antora.AntoraDependenciesPlugin$AntoraDependency,innerclass,6,6,0,6,7,1,0,2,0,0.33333334,0.0,0.0,7,0,7,0,0,0,7,0,0,0,3,0,0,3,0,0,2,0,0,27,2,0,0,0,0,0,0,3,0,3,0,0,0,0,18,9,0
C:\Users\ramon\OneDrive\Documentos\trabalhoFacul\laboratorio-de-experimentacao\lab-2\clone_repositories\spring-boot\buildSrc\src\main\java\org\springframework\boot\build\antora\AntoraAsciidocAttributes.java,org.springframework.boot.build.antora.AntoraAsciidocAttributes$Anonymous1,anonymous,1,1,0,1,1,1,0,3,0,0.0,NaN,NaN,1,0,1,0,0,0,1,0,0,1,0,0,0,0,0,0,0,0,0,5,1,0,0,0,0,0,0,0,0,0,0,0,0,0,3,-1,0
C:\Users\ramon\OneDrive\Documentos\trabalhoFacul\laboratorio-de-experimentacao\lab-2\clone_repositories\spring-boot\buildSrc\src\main\java\org\springframework\boot\build\bom\bomr\github\GitHubRepository.java,org.springframework.boot.build.bom.bomr.github.GitHubRepository,interface,2,6,4,2,4,1,0,0,6,0.0,0.0,0.0,4,0,0,0,0,4,4,0,0,0,0,0,0,0,0,0,0,0,0,6,0,0,0,0,0,0,0,0,0,0,0,0,0,0,50,1,0
C:\Users\ramon\OneDrive\Documentos\trabalhoFacul\laboratorio-de-experimentacao\lab-2\clone_repositories\spring-boot\buildSrc\src\main\java\org\springframework\boot\build\bom\bomr\version\ReleaseTrainDependencyVersion.java,org.springframework.boot.build.bom.bomr.version.ReleaseTrainDependencyVersion,class,3,8,5,3,33,1,0,14,40,0.73846155,0.0,0.0,13,1,8,4,0,1,9,0,0,0,5,1,0,5,0,0,5,0,4,97,26,0,7,0,3,2,15,11,0,9,1,0,0,0,64,16,0
C:\Users\ramon\OneDrive\Documentos\trabalhoFacul\laboratorio-de-experimentacao\lab-2\clone_repositories\spring-boot\buildSrc\src\main\java\org\springframework\boot\build\antora\Extensions.java,org.springframework.boot.build.antora.AntoraExtensionsConfiguration,class,4,6,2,4,6,3,0,12,8,0.6,0.0,0.0,5,0,0,1,0,4,4,0,0,0,1,0,0,1,0,0,1,0,1,71,1,0,1,0,0,1,0,5,0,8,2,0,3,2,33,24,0
C:\Users\ramon\OneDrive\Documentos\trabalhoFacul\laboratorio-de-experimentacao\lab-2\clone_repositories\spring-boot\buildSrc\src\main\java\org\springframework\boot\build\MavenRepositoryPlugin.java,org.springframework.boot.build.MavenRepositoryPlugin$CleanAction,innerclass,2,2,0,2,2,1,0,1,0,0.0,NaN,NaN,2,0,1,1,0,0,1,0,0,0,1,0,0,1,0,0,1,0,0,9,0,0,0,0,0,0,0,1,0,1,0,0,0,0,7,26,0
C:\Users\ramon\OneDrive\Documentos\trabalhoFacul\laboratorio-de-experimentacao\lab-2\clone_repositories\spring-boot\buildSrc\src\test\java\org\springframework\boot\build\bom\LibraryTests.java,org.springframework.boot.build.bom.LibraryTests,class,8,8,0,8,4,1,0,7,6,0.0,0.0,0.0,4,0,0,0,0,4,4,0,0,0,0,0,0,0,0,0,0,0,10,38,0,0,0,0,0,11,0,24,0,24,0,0,0,0,37,0,0
C:\Users\ramon\OneDrive\Documentos\trabalhoFacul\laboratorio-de-experimentacao\lab-2\clone_repositories\spring-boot\buildSrc\src\main\java\org\springframework\boot\build\testing\TestResultsOverview.java,org.springframework.boot.build.testing.TestResultsOverview,class,6,8,2,6,5,1,0,15,1,0.33333334,0.0,0.0,3,0,2,0,0,1,3,0,0,0,2,0,0,2,0,0,2,0,1,40,1,0,1,0,2,6,1,3,2,6,2,0,1,2,30,1025,0
C:\Users\ramon\OneDrive\Documentos\trabalhoFacul\laboratorio-de-experimentacao\lab-2\clone_repositories\spring-boot\buildSrc\src\main\java\org\springframework\boot\build\processors\AnnotationProcessorPlugin.java,org.springframework.boot.build.processors.AnnotationProcessorPlugin,class,5,5,0,5,1,1,0,6,0,0.0,NaN,NaN,1,0,1,0,0,0,1,0,0,0,1,1,0,1,0,0,1,0,0,14,0,0,0,0,0,2,0,2,0,5,2,0,0,3,25,1,0
C:\Users\ramon\OneDrive\Documentos\trabalhoFacul\laboratorio-de-experimentacao\lab-2\clone_repositories\spring-boot\buildSrc\src\main\java\org\springframework\boot\build\constraints\ExtractVersionConstraints.java,org.springframework.boot.build.constraints.ExtractVersionConstraints$VersionProperty,innerclass,1,1,0,1,5,1,0,2,0,0.25,0.0,0.0,4,0,4,0,0,0,4,0,0,0,2,0,0,2,0,0,2,0,0,21,4,0,1,0,0,0,1,3,0,3,1,0,0,0,13,25,0
C:\Users\ramon\OneDrive\Documentos\trabalhoFacul\laboratorio-de-experimentacao\lab-2\clone_repositories\spring-boot\buildSrc\src\main\java\org\springframework\boot\build\RepositoryTransformersExtension.java,org.springframework.boot.build.RepositoryTransformersExtension,class,6,9,3,6,18,1,0,32,58,0.8333333,0.0,0.0,12,1,3,8,0,1,4,0,0,0,3,2,0,3,0,0,3,0,2,82,14,0,1,0,1,21,1,14,1,20,2,0,0,4,64,1,0
C:\Users\ramon\OneDrive\Documentos\trabalhoFacul\laboratorio-de-experimentacao\lab-2\clone_repositories\spring-boot\buildSrc\src\main\java\org\springframework\boot\build\autoconfigure\DocumentAutoConfigurationClasses.java,org.springframework.boot.build.autoconfigure.DocumentAutoConfigurationClasses$AutoConfiguration,innerclass,1,1,0,1,1,1,0,7,0,0.0,-1.0,-1.0,1,0,0,1,0,0,0,0,0,0,2,0,0,2,0,0,2,0,1,13,1,0,0,0,0,0,1,4,1,5,1,0,0,1,10,26,0
C:\Users\ramon\OneDrive\Documentos\trabalhoFacul\laboratorio-de-experimentacao\lab-2\clone_repositories\spring-boot\buildSrc\src\test\java\org\springframework\boot\build\architecture\bfpp\nonstatic\NonStaticBeanFactoryPostProcessorConfiguration.java,org.springframework.boot.build.architecture.bfpp.nonstatic.NonStaticBeanFactoryPostProcessorConfiguration,class,2,2,0,2,1,1,0,0,0,0.0,NaN,NaN,1,0,0,0,0,1,1,0,0,0,0,0,0,0,0,0,0,0,0,7,1,0,0,0,0,0,0,0,0,1,1,0,0,1,9,0,0
C:\Users\ramon\OneDrive\Documentos\trabalhoFacul\laboratorio-de-experimentacao\lab-2\clone_repositories\spring-boot\buildSrc\src\main\java\org\springframework\boot\build\classpath\CheckClasspathForConflicts.java,org.springframework.boot.build.classpath.CheckClasspathForConflicts$ClasspathContents,innerclass,1,1,0,1,9,1,0,15,1,0.5,-1.0,-1.0,3,0,0,3,0,0,0,0,0,0,2,1,0,2,0,0,2,0,2,26,5,2,0,0,0,8,1,2,0,7,2,0,0,4,30,26,0
C:\Users\ramon\OneDrive\Documentos\trabalhoFacul\laboratorio-de-experimentacao\lab-2\clone_repositories\spring-boot\buildSrc\src\main\java\org\springframework\boot\build\mavenplugin\PrepareMavenBinaries.java,org.springframework.boot.build.mavenplugin.PrepareMavenBinaries,class,14,16,2,14,4,2,0,15,4,0.5,0.0,0.0,4,0,4,0,0,0,4,2,0,0,2,0,0,2,0,0,2,0,0,19,0,0,0,0,0,2,0,4,1,7,1,0,0,3,35,1025,0
C:\Users\ramon\OneDrive\Documentos\trabalhoFacul\laboratorio-de-experimentacao\lab-2\clone_repositories\spring-boot\buildSrc\src\main\java\org\springframework\boot\build\WarConventions.java,org.springframework.boot.build.WarConventions,class,7,8,1,7,2,1,0,15,1,0.0,NaN,NaN,2,0,0,1,0,1,1,0,0,0,0,0,0,0,0,0,0,0,0,20,1,0,0,0,1,5,0,3,0,5,2,0,0,3,42,1,0
C:\Users\ramon\OneDrive\Documentos\trabalhoFacul\laboratorio-de-experimentacao\lab-2\clone_repositories\spring-boot\buildSrc\src\main\java\org\springframework\boot\build\bom\BomExtension.java,org.springframework.boot.build.bom.BomExtension,class,26,36,10,26,25,1,0,69,86,0.8125,0.0,0.0,16,0,7,7,0,2,9,0,0,0,5,0,0,5,0,0,5,0,1,414,6,3,5,1,5,27,0,23,6,32,3,0,7,9,100,1,0
C:\Users\ramon\OneDrive\Documentos\trabalhoFacul\laboratorio-de-experimentacao\lab-2\clone_repositories\spring-boot\buildSrc\src\main\java\org\springframework\boot\build\bom\bomr\version\MultipleComponentsDependencyVersion.java,org.springframework.boot.build.bom.bomr.version.MultipleComponentsDependencyVersion,class,5,9,4,5,7,3,0,3,1,0.33333334,0.0,0.0,3,1,1,1,0,1,2,0,0,0,1,0,0,1,0,0,1,0,0,21,4,0,3,0,0,3,5,3,1,3,2,0,0,0,36,16,0
C:\Users\ramon\OneDrive\Documentos\trabalhoFacul\laboratorio-de-experimentacao\lab-2\clone_repositories\spring-boot\buildSrc\src\test\java\org\springframework\boot\build\ConventionsPluginTests.java,org.springframework.boot.build.ConventionsPluginTests,class,5,6,1,5,10,1,0,30,7,0.45,0.0,0.0,10,0,0,4,0,6,6,0,0,0,2,0,0,2,0,0,0,0,3,149,2,0,0,10,0,116,0,23,4,23,1,0,0,0,76,0,0
C:\Users\ramon\OneDrive\Documentos\trabalhoFacul\laboratorio-de-experimentacao\lab-2\clone_repositories\spring-boot\buildSrc\src\main\java\org\springframework\boot\build\antora\AntoraAsciidocAttributes.java,org.springframework.boot.build.antora.AntoraAsciidocAttributes,class,8,11,3,8,27,1,0,63,113,0.81250006,0.0,0.0,18,0,2,15,0,1,3,0,0,0,8,1,0,8,0,0,8,0,10,189,7,1,5,1,4,111,4,33,17,31,2,1,0,6,101,1,0
C:\Users\ramon\OneDrive\Documentos\trabalhoFacul\laboratorio-de-experimentacao\lab-2\clone_repositories\spring-boot\buildSrc\src\main\java\org\springframework\boot\build\bom\bomr\UpgradeApplicator.java,org.springframework.boot.build.bom.bomr.UpgradeApplicator,class,2,5,3,2,9,1,0,22,0,0.4,0.0,0.0,5,0,0,3,0,2,2,0,0,0,2,0,0,2,0,0,2,0,5,41,2,0,0,0,0,11,6,11,7,10,2,0,0,0,44,0,0
C:\Users\ramon\OneDrive\Documentos\trabalhoFacul\laboratorio-de-experimentacao\lab-2\clone_repositories\spring-boot\buildSrc\src\main\java\org\springframework\boot\build\constraints\ExtractVersionConstraints.java,org.springframework.boot.build.constraints.ExtractVersionConstraints,class,13,14,1,13,13,2,0,32,10,0.6964286,0.0,0.0,8,0,5,2,0,1,6,0,0,0,7,0,0,7,0,0,7,0,2,106,3,4,1,0,0,4,0,9,2,12,2,0,2,3,60,1025,0
C:\Users\ramon\OneDrive\Documentos\trabalhoFacul\laboratorio-de-experimentacao\lab-2\clone_repositories\spring-boot\buildSrc\src\test\java\org\springframework\boot\build\bom\bomr\UpgradeApplicatorTests.java,org.springframework.boot.build.bom.bomr.UpgradeApplicatorTests,class,7,7,0,7,2,1,0,13,0,0.0,0.0,0.0,2,0,0,0,0,2,2,0,0,0,1,0,0,0,0,1,0,0,8,27,0,0,0,1,0,22,1,10,1,11,1,0,0,0,39,0,0
C:\Users\ramon\OneDrive\Documentos\trabalhoFacul\laboratorio-de-experimentacao\lab-2\clone_repositories\spring-boot\buildSrc\src\main\java\org\springframework\boot\build\mavenplugin\MavenPluginPlugin.java,org.springframework.boot.build.mavenplugin.MavenPluginPlugin$RuntimeClasspathMavenRepository,innerclass,8,8,0,8,7,2,0,22,0,0.25,0.0,0.0,4,0,4,0,0,0,4,1,0,0,1,0,0,1,0,0,1,0,1,25,1,1,0,1,0,7,0,3,3,3,3,0,0,0,34,1033,0
C:\Users\ramon\OneDrive\Documentos\trabalhoFacul\laboratorio-de-experimentacao\lab-2\clone_repositories\spring-boot\buildSrc\src\main\java\org\springframework\boot\build\context\properties\CheckAdditionalSpringConfigurationMetadata.java,org.springframework.boot.build.context.properties.CheckAdditionalSpringConfigurationMetadata,class,12,14,2,12,11,2,0,28,19,0.71428573,0.0,0.0,7,0,3,3,0,1,4,1,0,0,1,0,0,1,0,0,1,0,3,85,3,2,0,0,0,13,1,14,2,15,2,0,2,1,58,1025,0
C:\Users\ramon\OneDrive\Documentos\trabalhoFacul\laboratorio-de-experimentacao\lab-2\clone_repositories\spring-boot\buildSrc\src\main\java\org\springframework\boot\build\bom\bomr\version\CalendarVersionDependencyVersion.java,org.springframework.boot.build.bom.bomr.version.CalendarVersionDependencyVersion,class,5,10,5,5,6,3,0,5,3,0.6666667,0.0,0.0,3,1,0,0,2,1,3,0,0,0,1,1,0,1,0,0,1,0,1,19,3,0,1,0,0,1,0,2,0,2,1,0,0,0,43,0,0
C:\Users\ramon\OneDrive\Documentos\trabalhoFacul\laboratorio-de-experimentacao\lab-2\clone_repositories\spring-boot\buildSrc\src\main\java\org\springframework\boot\build\antora\GenerateAntoraPlaybook.java,org.springframework.boot.build.antora.GenerateAntoraPlaybook$AntoraExtensions,innerclass,5,5,0,5,3,1,0,1,0,0.33333334,0.0,0.0,3,0,3,0,0,0,3,0,0,0,2,0,0,2,0,0,2,0,0,39,2,0,0,0,0,0,0,2,0,2,0,0,2,0,13,1033,0
C:\Users\ramon\OneDrive\Documentos\trabalhoFacul\laboratorio-de-experimentacao\lab-2\clone_repositories\spring-boot\buildSrc\src\main\java\org\springframework\boot\build\antora\AggregateContentContribution.java,org.springframework.boot.build.antora.AggregateContentContribution,class,2,4,2,2,1,4,0,0,0,0.0,NaN,NaN,1,0,0,0,1,0,1,0,0,0,0,0,0,0,0,0,0,0,0,5,0,0,0,0,0,1,0,0,0,0,0,0,0,0,12,0,0
C:\Users\ramon\OneDrive\Documentos\trabalhoFacul\laboratorio-de-experimentacao\lab-2\clone_repositories\spring-boot\buildSrc\src\test\java\org\springframework\boot\build\architecture\ArchitectureCheckTests.java,org.springframework.boot.build.architecture.ArchitectureCheckTests,class,9,10,1,9,21,1,0,29,210,0.95238096,0.0,0.0,21,0,0,2,0,19,19,0,0,0,1,0,0,0,0,1,0,0,0,148,1,0,0,0,0,26,0,4,2,24,1,0,0,19,95,0,0
C:\Users\ramon\OneDrive\Documentos\trabalhoFacul\laboratorio-de-experimentacao\lab-2\clone_repositories\spring-boot\buildSrc\src\main\java\org\springframework\boot\build\bom\bomr\version\UnstructuredDependencyVersion.java,org.springframework.boot.build.bom.bomr.version.UnstructuredDependencyVersion,class,4,5,1,4,6,2,0,0,9,0.5,0.0,0.0,6,1,4,1,0,1,5,0,0,0,1,0,0,1,0,0,1,0,0,22,5,0,0,0,0,0,0,1,0,1,0,0,0,0,29,16,0
C:\Users\ramon\OneDrive\Documentos\trabalhoFacul\laboratorio-de-experimentacao\lab-2\clone_repositories\spring-boot\buildSrc\src\test\java\org\springframework\boot\build\context\properties\SingleRowTests.java,org.springframework.boot.build.context.properties.SingleRowTests,class,5,5,0,5,7,1,0,4,0,0.0,0.0,0.0,7,0,0,0,0,7,7,0,0,0,2,2,0,2,0,0,2,0,1,54,0,0,0,0,0,52,0,24,7,24,0,0,0,0,42,0,0
C:\Users\ramon\OneDrive\Documentos\trabalhoFacul\laboratorio-de-experimentacao\lab-2\clone_repositories\spring-boot\buildSrc\src\main\java\org\springframework\boot\build\antora\AntoraContributorPlugin.java,org.springframework.boot.build.antora.AntoraContributorPlugin$Contribution,innerclass,9,9,0,9,7,1,0,5,0,0.33333334,0.0,0.0,7,0,7,0,0,0,7,0,0,0,3,0,0,3,0,0,2,0,0,33,1,0,0,0,0,0,0,6,0,6,0,0,0,0,21,9,0
C:\Users\ramon\OneDrive\Documentos\trabalhoFacul\laboratorio-de-experimentacao\lab-2\clone_repositories\spring-boot\buildSrc\src\main\java\org\springframework\boot\build\bom\Library.java,org.springframework.boot.build.bom.Library$Module,innerclass,1,1,0,1,9,1,0,1,0,0.59375,0.0,0.0,8,0,8,0,0,0,8,0,0,0,4,0,0,4,0,0,4,0,2,33,4,0,1,0,1,1,0,4,0,4,0,0,0,0,15,9,0
C:\Users\ramon\OneDrive\Documentos\trabalhoFacul\laboratorio-de-experimentacao\lab-2\clone_repositories\spring-boot\buildSrc\src\main\java\org\springframework\boot\build\test\DockerTestPlugin.java,org.springframework.boot.build.test.DockerTestPlugin,class,15,17,2,15,9,1,0,45,13,0.8333333,NaN,NaN,6,0,1,5,0,0,1,0,0,0,4,4,3,1,0,0,4,0,4,67,5,0,2,0,0,14,0,14,0,20,1,0,0,6,89,1,0
C:\Users\ramon\OneDrive\Documentos\trabalhoFacul\laboratorio-de-experimentacao\lab-2\clone_repositories\spring-boot\buildSrc\src\main\java\org\springframework\boot\build\antora\SyncAntoraSource.java,org.springframework.boot.build.antora.SyncAntoraSource,class,11,13,2,11,6,2,0,7,5,0.61111116,0.0,0.0,6,0,4,1,0,1,5,1,0,0,3,0,0,3,0,0,2,0,0,23,1,0,0,0,0,0,0,3,0,4,0,0,0,1,23,1025,0
C:\Users\ramon\OneDrive\Documentos\trabalhoFacul\laboratorio-de-experimentacao\lab-2\clone_repositories\spring-boot\buildSrc\src\main\java\org\springframework\boot\build\bom\bomr\github\GitHub.java,org.springframework.boot.build.bom.bomr.github.GitHub,interface,3,6,3,3,2,1,0,0,1,0.0,0.0,0.0,2,1,0,0,0,2,2,0,0,0,0,0,0,0,0,0,0,0,0,6,1,0,0,0,0,0,0,0,0,0,0,0,0,0,32,1,0
C:\Users\ramon\OneDrive\Documentos\trabalhoFacul\laboratorio-de-experimentacao\lab-2\clone_repositories\spring-boot\buildSrc\src\main\java\org\springframework\boot\build\context\properties\Row.java,org.springframework.boot.build.context.properties.Row,class,3,7,4,3,9,1,2,5,0,0.4166667,0.0,0.0,6,0,3,0,1,2,6,1,0,0,2,0,0,2,0,0,2,0,0,28,6,0,3,0,0,1,0,3,1,3,1,0,0,0,29,1024,0
C:\Users\ramon\OneDrive\Documentos\trabalhoFacul\laboratorio-de-experimentacao\lab-2\clone_repositories\spring-boot\buildSrc\src\main\java\org\springframework\boot\build\bom\BomExtension.java,org.springframework.boot.build.bom.BomExtension$LibraryHandler$GroupHandler,innerclass,5,5,0,5,9,2,0,6,10,0.8,0.0,0.0,5,0,5,0,0,0,5,0,0,0,4,0,0,4,0,0,1,0,0,44,1,0,1,0,1,2,2,8,1,6,2,0,1,1,25,1,0
C:\Users\ramon\OneDrive\Documentos\trabalhoFacul\laboratorio-de-experimentacao\lab-2\clone_repositories\spring-boot\buildSrc\src\main\java\org\springframework\boot\build\bom\bomr\github\Issue.java,org.springframework.boot.build.bom.bomr.github.Issue,class,2,5,3,2,5,1,0,2,0,0.55,0.0,0.0,5,0,4,0,0,1,5,0,0,0,4,0,0,4,0,0,4,0,1,39,3,0,0,0,0,3,0,5,1,5,0,0,1,0,46,1,0
C:\Users\ramon\OneDrive\Documentos\trabalhoFacul\laboratorio-de-experimentacao\lab-2\clone_repositories\spring-boot\buildSrc\src\main\java\org\springframework\boot\build\bom\bomr\github\StandardGitHub.java,org.springframework.boot.build.bom.bomr.github.StandardGitHub,class,8,9,1,8,2,1,0,9,0,0.0,0.0,0.0,2,0,1,0,0,1,2,0,0,0,2,0,0,2,0,0,2,0,1,21,2,0,0,0,1,8,0,4,3,7,1,0,0,1,30,16,0
C:\Users\ramon\OneDrive\Documentos\trabalhoFacul\laboratorio-de-experimentacao\lab-2\clone_repositories\spring-boot\buildSrc\src\main\java\org\springframework\boot\build\bom\ManagedDependencies.java,org.springframework.boot.build.bom.ManagedDependencies,class,11,13,2,11,16,1,0,27,15,0.5714286,0.0,0.0,7,3,0,0,0,7,7,0,0,0,1,0,0,1,0,0,1,0,4,65,5,4,1,1,0,12,2,23,2,21,3,0,0,0,58,0,0
C:\Users\ramon\OneDrive\Documentos\trabalhoFacul\laboratorio-de-experimentacao\lab-2\clone_repositories\spring-boot\buildSrc\src\main\java\org\springframework\boot\build\optional\OptionalDependenciesPlugin.java,org.springframework.boot.build.optional.OptionalDependenciesPlugin,class,6,8,2,6,1,1,0,14,0,1.0,NaN,NaN,1,0,1,0,0,0,1,0,0,0,1,1,1,0,0,0,1,0,0,17,0,0,0,0,0,2,0,3,0,5,2,0,0,2,56,1,0
C:\Users\ramon\OneDrive\Documentos\trabalhoFacul\laboratorio-de-experimentacao\lab-2\clone_repositories\spring-boot\buildSrc\src\main\java\org\springframework\boot\build\autoconfigure\AutoConfigurationPlugin.java,org.springframework.boot.build.autoconfigure.AutoConfigurationPlugin,class,18,19,1,18,10,1,0,51,19,0.78571427,NaN,NaN,7,0,1,6,0,0,1,0,0,0,2,2,1,1,0,0,2,0,0,65,4,0,0,1,0,12,0,7,1,12,2,1,0,6,108,1,0
C:\Users\ramon\OneDrive\Documentos\trabalhoFacul\laboratorio-de-experimentacao\lab-2\clone_repositories\spring-boot\buildSrc\src\main\java\org\springframework\boot\build\bom\CheckLinks.java,org.springframework.boot.build.bom.CheckLinks,class,14,15,1,14,4,2,0,14,0,0.0,0.0,0.0,2,0,1,0,0,1,2,0,0,0,1,0,0,1,0,0,1,0,0,27,0,1,0,1,0,1,0,7,0,10,3,0,0,2,48,1025,0
C:\Users\ramon\OneDrive\Documentos\trabalhoFacul\laboratorio-de-experimentacao\lab-2\clone_repositories\spring-boot\buildSrc\src\main\java\org\springframework\boot\build\classpath\CheckClasspathForConflicts.java,org.springframework.boot.build.classpath.CheckClasspathForConflicts,class,6,7,1,6,9,2,0,21,0,0.375,0.0,0.0,4,0,4,0,0,0,4,0,0,0,2,0,0,2,0,0,1,0,5,69,1,2,0,2,0,3,0,8,0,12,5,0,1,3,42,1025,0
C:\Users\ramon\OneDrive\Documentos\trabalhoFacul\laboratorio-de-experimentacao\lab-2\clone_repositories\spring-boot\buildSrc\src\main\java\org\springframework\boot\build\bom\bomr\MoveToSnapshots.java,org.springframework.boot.build.bom.bomr.MoveToSnapshots,class,17,19,2,17,13,3,0,35,21,0.92857146,0.0,0.0,7,0,1,2,3,1,5,0,0,0,2,1,0,2,0,0,2,0,1,51,7,0,2,0,0,6,1,9,1,13,4,0,0,3,59,1025,1
C:\Users\ramon\OneDrive\Documentos\trabalhoFacul\laboratorio-de-experimentacao\lab-2\clone_repositories\spring-boot\buildSrc\src\main\java\org\springframework\boot\build\antora\AntoraDependenciesPlugin.java,org.springframework.boot.build.antora.AntoraDependenciesPlugin,class,4,4,0,4,1,1,0,4,0,0.0,NaN,NaN,1,0,1,0,0,0,1,0,0,0,0,0,0,0,0,0,0,0,0,33,0,0,0,0,0,1,0,1,0,1,0,0,1,0,16,1,0
C:\Users\ramon\OneDrive\Documentos\trabalhoFacul\laboratorio-de-experimentacao\lab-2\clone_repositories\spring-boot\buildSrc\src\main\java\org\springframework\boot\build\springframework\CheckAotFactories.java,org.springframework.boot.build.springframework.CheckAotFactories,class,1,1,0,1,1,3,0,0,0,0.0,NaN,NaN,1,0,1,0,0,0,1,0,0,0,0,0,0,0,0,0,0,0,0,5,0,0,0,0,0,1,0,0,0,0,0,0,0,0,17,1025,0
C:\Users\ramon\OneDrive\Documentos\trabalhoFacul\laboratorio-de-experimentacao\lab-2\clone_repositories\spring-boot\buildSrc\src\main\java\org\springframework\boot\build\antora\GenerateAntoraPlaybook.java,org.springframework.boot.build.antora.GenerateAntoraPlaybook$AntoraExtensions$ZipContentsCollector,innerclass,10,10,0,10,6,1,0,19,9,0.5,0.0,0.0,6,1,4,2,0,0,4,2,0,0,1,0,0,1,0,0,1,0,3,22,3,0,0,0,0,4,0,4,3,6,0,0,0,3,38,1033,0
C:\Users\ramon\OneDrive\Documentos\trabalhoFacul\laboratorio-de-experimentacao\lab-2\clone_repositories\spring-boot\buildSrc\src\main\java\org\springframework\boot\build\bom\BomExtension.java,org.springframework.boot.build.bom.BomExtension$GitHubHandler,innerclass,2,2,0,2,4,1,0,4,2,0.5833333,0.0,0.0,4,0,4,0,0,0,4,0,0,0,3,0,0,3,0,0,0,0,0,19,0,0,0,0,0,0,0,6,0,4,0,0,0,0,16,9,0
C:\Users\ramon\OneDrive\Documentos\trabalhoFacul\laboratorio-de-experimentacao\lab-2\clone_repositories\spring-boot\buildSrc\src\main\java\org\springframework\boot\build\test\DockerTestBuildService.java,org.springframework.boot.build.test.DockerTestBuildService,class,4,6,2,4,1,1,0,5,0,0.0,NaN,NaN,1,1,0,0,0,1,1,0,0,0,0,0,0,0,0,0,0,0,0,5,1,0,0,0,0,1,1,0,0,1,0,0,0,1,26,1024,0
C:\Users\ramon\OneDrive\Documentos\trabalhoFacul\laboratorio-de-experimentacao\lab-2\clone_repositories\spring-boot\buildSrc\src\main\java\org\springframework\boot\build\testing\TestFailuresPlugin.java,org.springframework.boot.build.testing.TestFailuresPlugin$FailureRecordingTestListener,innerclass,6,6,0,6,7,1,0,5,6,0.6,0.0,0.0,5,0,4,1,0,0,4,0,0,0,3,0,0,3,0,0,3,0,0,23,0,0,0,0,0,0,1,3,0,3,1,0,0,0,15,18,0
C:\Users\ramon\OneDrive\Documentos\trabalhoFacul\laboratorio-de-experimentacao\lab-2\clone_repositories\spring-boot\buildSrc\src\test\java\org\springframework\boot\build\groovyscripts\SpringRepositoriesExtensionTests.java,org.springframework.boot.build.groovyscripts.SpringRepositoriesExtensionTests$SpringRepositoriesExtension,interface,3,3,0,3,6,1,0,11,6,0.0,0.0,0.0,4,1,0,0,0,4,4,0,0,0,0,0,0,0,0,0,0,0,2,21,2,0,1,1,1,1,1,4,0,7,2,0,0,1,23,0,0
C:\Users\ramon\OneDrive\Documentos\trabalhoFacul\laboratorio-de-experimentacao\lab-2\clone_repositories\spring-boot\buildSrc\src\main\java\org\springframework\boot\build\antora\ConsumableContentContribution.java,org.springframework.boot.build.antora.ConsumableContentContribution,class,18,23,5,18,13,3,2,50,55,0.0,0.0,0.0,11,1,0,6,1,4,5,0,0,0,0,0,0,0,0,0,0,0,1,58,3,0,0,0,0,12,0,9,0,13,1,0,0,5,75,0,0
C:\Users\ramon\OneDrive\Documentos\trabalhoFacul\laboratorio-de-experimentacao\lab-2\clone_repositories\spring-boot\buildSrc\src\main\java\org\springframework\boot\build\bom\bomr\LibraryWithVersionOptions.java,org.springframework.boot.build.bom.bomr.LibraryWithVersionOptions,class,2,7,5,2,3,1,0,0,0,0.33333334,0.0,0.0,3,0,0,0,0,3,3,0,0,0,2,0,0,2,0,0,2,0,0,14,2,0,0,0,0,0,0,2,0,2,0,0,0,0,7,0,0
C:\Users\ramon\OneDrive\Documentos\trabalhoFacul\laboratorio-de-experimentacao\lab-2\clone_repositories\spring-boot\buildSrc\src\main\java\org\springframework\boot\build\mavenplugin\MavenPluginPlugin.java,org.springframework.boot.build.mavenplugin.MavenPluginPlugin$MavenRepositoryComponentMetadataRule,innerclass,7,7,0,7,3,1,0,11,1,0.33333334,0.0,0.0,3,0,2,1,0,0,2,0,0,0,1,0,0,1,0,0,1,0,0,22,0,0,0,0,0,8,0,2,1,6,1,0,0,4,20,9,0
C:\Users\ramon\OneDrive\Documentos\trabalhoFacul\laboratorio-de-experimentacao\lab-2\clone_repositories\spring-boot\buildSrc\src\test\java\org\springframework\boot\build\architecture\bpp\safeparameters\SafeParametersBeanPostProcessorConfiguration.java,org.springframework.boot.build.architecture.bpp.safeparameters.SafeParametersBeanPostProcessorConfiguration,class,7,7,0,7,3,1,0,0,3,0.0,0.0,0.0,3,1,0,0,0,3,3,0,0,0,0,0,0,0,0,0,0,0,0,13,3,0,0,0,0,1,1,0,0,0,0,1,0,0,15,0,0
C:\Users\ramon\OneDrive\Documentos\trabalhoFacul\laboratorio-de-experimentacao\lab-2\clone_repositories\spring-boot\buildSrc\src\main\java\org\springframework\boot\build\bom\bomr\VersionOption.java,org.springframework.boot.build.bom.bomr.VersionOption,class,5,15,10,5,4,4,6,2,0,0.0,0.0,0.0,4,0,1,0,0,3,4,0,0,0,1,0,0,1,0,0,1,0,0,51,3,0,0,0,0,0,0,1,0,1,0,0,3,0,16,0,0
C:\Users\ramon\OneDrive\Documentos\trabalhoFacul\laboratorio-de-experimentacao\lab-2\clone_repositories\spring-boot\buildSrc\src\test\java\org\springframework\boot\build\architecture\string\toUpperCaseWithLocale\ToUpperCaseWithLocale.java,org.springframework.boot.build.architecture.string.toUpperCaseWithLocale.ToUpperCaseWithLocale,class,0,0,0,0,1,1,0,2,0,0.0,NaN,NaN,1,0,0,0,0,1,1,0,0,0,0,0,0,0,0,0,0,0,0,6,0,0,0,0,0,1,0,1,0,1,0,0,0,0,11,0,0
C:\Users\ramon\OneDrive\Documentos\trabalhoFacul\laboratorio-de-experimentacao\lab-2\clone_repositories\spring-boot\buildSrc\src\main\java\org\springframework\boot\build\context\properties\Asciidoc.java,org.springframework.boot.build.context.properties.Asciidoc,class,1,10,9,1,8,1,0,6,9,0.5,0.0,0.0,6,0,1,0,0,5,6,0,0,0,1,0,0,1,0,0,1,0,1,27,5,2,0,0,0,2,0,1,0,1,1,0,0,0,21,0,0
C:\Users\ramon\OneDrive\Documentos\trabalhoFacul\laboratorio-de-experimentacao\lab-2\clone_repositories\spring-boot\buildSrc\src\test\java\org\springframework\boot\build\bom\bomr\version\ReleaseTrainDependencyVersionTests.java,org.springframework.boot.build.bom.bomr.version.ReleaseTrainDependencyVersionTests,class,4,5,1,4,18,1,0,12,153,0.0,0.0,0.0,18,1,0,2,0,16,16,0,0,0,0,0,0,0,0,0,0,0,30,56,2,0,0,0,0,30,0,0,0,0,0,0,0,0,44,0,0
C:\Users\ramon\OneDrive\Documentos\trabalhoFacul\laboratorio-de-experimentacao\lab-2\clone_repositories\spring-boot\buildSrc\src\main\java\org\springframework\boot\build\context\properties\Snippet.java,org.springframework.boot.build.context.properties.Snippet,class,1,8,7,1,6,1,0,3,2,0.6,0.0,0.0,5,0,0,0,0,5,5,0,0,0,4,0,0,4,0,0,4,0,0,41,2,0,1,0,0,0,0,6,0,6,1,1,1,0,23,0,0
C:\Users\ramon\OneDrive\Documentos\trabalhoFacul\laboratorio-de-experimentacao\lab-2\clone_repositories\spring-boot\buildSrc\src\main\java\org\springframework\boot\build\starters\StarterPlugin.java,org.springframework.boot.build.starters.StarterPlugin,class,18,19,1,18,5,1,0,30,10,0.8,NaN,NaN,5,0,1,4,0,0,1,0,0,0,1,1,0,1,0,0,1,0,0,46,0,0,0,0,0,12,0,10,6,18,2,0,0,8,46,1,0
C:\Users\ramon\OneDrive\Documentos\trabalhoFacul\laboratorio-de-experimentacao\lab-2\clone_repositories\spring-boot\buildSrc\src\main\java\org\springframework\boot\build\bom\bomr\version\CombinedPatchAndQualifierDependencyVersion.java,org.springframework.boot.build.bom.bomr.version.CombinedPatchAndQualifierDependencyVersion,class,4,6,2,4,6,3,0,6,1,0.5,0.0,0.0,3,1,1,1,0,1,2,0,0,0,2,1,0,2,0,0,2,0,1,22,4,0,1,0,0,2,2,4,1,4,1,0,0,0,35,16,0
C:\Users\ramon\OneDrive\Documentos\trabalhoFacul\laboratorio-de-experimentacao\lab-2\clone_repositories\spring-boot\buildSrc\src\main\java\org\springframework\boot\build\bom\bomr\LibraryUpdateResolver.java,org.springframework.boot.build.bom.bomr.LibraryUpdateResolver,interface,2,7,5,2,1,1,0,0,0,0.0,NaN,NaN,1,0,0,0,0,1,1,0,0,0,0,0,0,0,0,0,0,0,0,3,0,0,0,0,0,0,0,0,0,0,0,0,0,0,23,1,0
C:\Users\ramon\OneDrive\Documentos\trabalhoFacul\laboratorio-de-experimentacao\lab-2\clone_repositories\spring-boot\buildSrc\src\main\java\org\springframework\boot\build\mavenplugin\PluginXmlParser.java,org.springframework.boot.build.mavenplugin.PluginXmlParser$IterableNodeList$Anonymous1,anonymous,2,2,0,2,3,1,0,2,0,0.0,0.0,0.0,2,0,2,0,0,0,2,0,0,0,1,0,0,1,0,0,0,0,0,9,2,0,0,0,0,0,1,1,0,1,0,0,0,0,5,-1,0
C:\Users\ramon\OneDrive\Documentos\trabalhoFacul\laboratorio-de-experimentacao\lab-2\clone_repositories\spring-boot\buildSrc\src\test\java\org\springframework\boot\build\architecture\bfpp\parameters\ParametersBeanFactoryPostProcessorConfiguration.java,org.springframework.boot.build.architecture.bfpp.parameters.ParametersBeanFactoryPostProcessorConfiguration,class,2,2,0,2,3,1,0,0,3,0.0,0.0,0.0,3,1,0,0,0,3,3,0,0,0,0,0,0,0,0,0,0,0,0,13,3,0,0,0,0,1,1,0,0,1,1,0,0,1,12,0,0
C:\Users\ramon\OneDrive\Documentos\trabalhoFacul\laboratorio-de-experimentacao\lab-2\clone_repositories\spring-boot\buildSrc\src\main\java\org\springframework\boot\build\architecture\ArchitectureRules.java,org.springframework.boot.build.architecture.ArchitectureRules$Anonymous2,anonymous,1,1,0,1,1,1,0,1,0,0.0,NaN,NaN,1,0,1,0,0,0,1,0,0,0,0,0,0,0,0,0,0,0,0,5,0,0,0,0,0,0,0,0,0,0,0,0,0,0,5,-1,0
C:\Users\ramon\OneDrive\Documentos\trabalhoFacul\laboratorio-de-experimentacao\lab-2\clone_repositories\spring-boot\buildSrc\src\main\java\org\springframework\boot\build\architecture\ArchitectureRules.java,org.springframework.boot.build.architecture.ArchitectureRules$Anonymous1,anonymous,1,1,0,1,1,1,0,1,0,0.0,NaN,NaN,1,0,1,0,0,0,1,0,0,0,0,0,0,0,0,0,0,0,0,5,1,0,0,0,0,0,0,0,0,0,0,0,0,0,4,-1,0
C:\Users\ramon\OneDrive\Documentos\trabalhoFacul\laboratorio-de-experimentacao\lab-2\clone_repositories\spring-boot\buildSrc\src\main\java\org\springframework\boot\build\bom\bomr\ReleaseSchedule.java,org.springframework.boot.build.bom.bomr.ReleaseSchedule$Release,innerclass,1,1,0,1,4,1,0,0,0,0.5,0.0,0.0,4,0,0,0,0,4,4,0,0,0,3,0,0,3,0,0,3,0,0,19,3,0,0,0,0,0,0,3,0,3,0,0,0,0,13,8,0
C:\Users\ramon\OneDrive\Documentos\trabalhoFacul\laboratorio-de-experimentacao\lab-2\clone_repositories\spring-boot\buildSrc\src\test\java\org\springframework\boot\build\architecture\tangled\sub\TangledTwo.java,org.springframework.boot.build.architecture.tangled.sub.TangledTwo,class,0,1,1,0,1,1,0,0,0,1.0,-1.0,-1.0,1,0,0,1,0,0,0,0,0,0,1,1,1,0,0,0,1,0,0,5,0,0,0,0,0,1,0,1,1,1,0,0,0,0,4,17,0
C:\Users\ramon\OneDrive\Documentos\trabalhoFacul\laboratorio-de-experimentacao\lab-2\clone_repositories\spring-boot\buildSrc\src\main\java\org\springframework\boot\build\antora\GenerateAntoraPlaybook.java,org.springframework.boot.build.antora.GenerateAntoraPlaybook$ContentSource,innerclass,5,5,0,5,3,1,0,8,1,0.33333334,0.0,0.0,3,0,2,0,0,1,3,1,0,0,1,0,0,1,0,0,1,0,0,10,0,0,0,0,0,0,0,1,0,2,0,0,0,1,12,1033,0
C:\Users\ramon\OneDrive\Documentos\trabalhoFacul\laboratorio-de-experimentacao\lab-2\clone_repositories\spring-boot\buildSrc\src\main\java\org\springframework\boot\build\context\properties\SingleRow.java,org.springframework.boot.build.context.properties.SingleRow,class,5,9,4,5,11,2,0,20,0,0.53333336,0.0,0.0,5,0,0,3,0,2,2,0,0,0,3,0,0,3,0,0,3,0,3,46,3,0,3,0,1,24,0,6,3,5,1,0,0,0,36,0,0
C:\Users\ramon\OneDrive\Documentos\trabalhoFacul\laboratorio-de-experimentacao\lab-2\clone_repositories\spring-boot\buildSrc\src\main\java\org\springframework\boot\build\bom\bomr\VersionOption.java,org.springframework.boot.build.bom.bomr.VersionOption$SnapshotVersionOption,innerclass,5,5,0,5,3,2,0,2,0,0.0,0.0,0.0,3,0,1,0,0,2,3,0,0,0,1,0,0,1,0,0,1,0,0,13,2,0,0,0,0,2,0,1,1,1,0,0,0,0,12,24,0
C:\Users\ramon\OneDrive\Documentos\trabalhoFacul\laboratorio-de-experimentacao\lab-2\clone_repositories\spring-boot\buildSrc\src\main\java\org\springframework\boot\build\bom\bomr\github\StandardGitHubRepository.java,org.springframework.boot.build.bom.bomr.github.StandardGitHubRepository,class,10,12,2,10,13,1,0,25,9,0.42857143,0.0,0.0,7,1,4,2,0,1,5,0,0,0,1,0,0,1,0,0,1,0,7,49,5,0,2,2,2,23,1,4,2,7,2,0,0,3,41,16,0
C:\Users\ramon\OneDrive\Documentos\trabalhoFacul\laboratorio-de-experimentacao\lab-2\clone_repositories\spring-boot\buildSrc\src\main\java\org\springframework\boot\build\devtools\DocumentDevtoolsPropertyDefaults.java,org.springframework.boot.build.devtools.DocumentDevtoolsPropertyDefaults,class,8,9,1,8,7,2,0,24,9,0.5,0.0,0.0,6,0,3,2,0,1,4,1,0,0,1,0,0,1,0,0,1,0,0,44,2,1,0,2,0,12,0,7,0,9,2,0,0,1,40,1025,0
C:\Users\ramon\OneDrive\Documentos\trabalhoFacul\laboratorio-de-experimentacao\lab-2\clone_repositories\spring-boot\buildSrc\src\main\java\org\springframework\boot\build\test\autoconfigure\DocumentTestSlices.java,org.springframework.boot.build.test.autoconfigure.DocumentTestSlices$TestSlice,innerclass,1,1,0,1,2,1,0,2,0,0.25,NaN,NaN,2,0,1,1,0,0,1,0,0,0,2,0,0,2,0,0,2,0,0,11,1,0,0,0,0,0,0,2,0,2,0,0,0,0,10,26,0
C:\Users\ramon\OneDrive\Documentos\trabalhoFacul\laboratorio-de-experimentacao\lab-2\clone_repositories\spring-boot\buildSrc\src\main\java\org\springframework\boot\build\antora\GenerateAntoraPlaybook.java,org.springframework.boot.build.antora.GenerateAntoraPlaybook$AntoraExtensions$Xref,innerclass,3,3,0,3,1,1,0,0,0,0.0,NaN,NaN,1,0,1,0,0,0,1,1,0,0,0,0,0,0,0,0,0,0,0,3,0,0,0,0,0,0,0,0,0,0,0,0,0,0,3,1033,0
C:\Users\ramon\OneDrive\Documentos\trabalhoFacul\laboratorio-de-experimentacao\lab-2\clone_repositories\spring-boot\buildSrc\src\main\java\org\springframework\boot\build\mavenplugin\PluginXmlParser.java,org.springframework.boot.build.mavenplugin.PluginXmlParser$IterableNodeList,innerclass,4,4,0,4,3,1,0,0,1,0.33333334,NaN,NaN,3,1,1,2,0,0,1,0,0,0,1,0,0,1,0,0,1,0,0,21,2,0,0,0,0,0,0,1,0,1,0,1,0,0,6,26,0
C:\Users\ramon\OneDrive\Documentos\trabalhoFacul\laboratorio-de-experimentacao\lab-2\clone_repositories\spring-boot\buildSrc\src\main\java\org\springframework\boot\build\springframework\CheckFactoriesFile.java,org.springframework.boot.build.springframework.CheckFactoriesFile,class,12,15,3,12,25,2,2,50,77,0.80952376,0.0,0.0,14,0,5,7,1,1,7,1,0,0,3,0,0,3,0,0,1,0,3,99,6,3,0,2,0,12,2,19,3,23,2,0,0,5,94,1025,0
C:\Users\ramon\OneDrive\Documentos\trabalhoFacul\laboratorio-de-experimentacao\lab-2\clone_repositories\spring-boot\buildSrc\src\main\java\org\springframework\boot\build\context\properties\Snippet.java,org.springframework.boot.build.context.properties.Snippet$Config,interface,0,0,0,0,2,1,0,0,1,0.0,0.0,0.0,2,0,0,0,0,2,2,0,0,0,0,0,0,0,0,0,0,0,0,4,0,0,0,0,0,0,0,0,0,0,0,0,0,0,17,0,0
C:\Users\ramon\OneDrive\Documentos\trabalhoFacul\laboratorio-de-experimentacao\lab-2\clone_repositories\spring-boot\buildSrc\src\main\java\org\springframework\boot\build\mavenplugin\PluginXmlParser.java,org.springframework.boot.build.mavenplugin.PluginXmlParser$Plugin,innerclass,1,1,0,1,6,1,0,0,5,0.6666667,0.0,0.0,6,0,0,1,0,5,5,0,0,0,5,0,0,5,0,0,5,0,0,29,5,0,0,0,0,0,0,5,0,5,0,0,0,0,14,24,0
C:\Users\ramon\OneDrive\Documentos\trabalhoFacul\laboratorio-de-experimentacao\lab-2\clone_repositories\spring-boot\buildSrc\src\main\java\org\springframework\boot\build\test\autoconfigure\TestSliceMetadata.java,org.springframework.boot.build.test.autoconfigure.TestSliceMetadata,class,19,20,1,19,28,2,0,78,149,0.8421053,0.0,0.0,19,0,3,11,0,5,8,2,0,0,4,0,0,4,0,0,1,0,6,119,11,3,0,7,0,9,3,23,2,29,2,0,0,9,118,1025,0
C:\Users\ramon\OneDrive\Documentos\trabalhoFacul\laboratorio-de-experimentacao\lab-2\clone_repositories\spring-boot\buildSrc\src\main\java\org\springframework\boot\build\bom\bomr\UpgradeDependencies.java,org.springframework.boot.build.bom.bomr.UpgradeDependencies,class,36,39,3,36,52,2,2,108,303,0.8796296,0.0,0.0,27,0,4,15,6,2,12,5,0,0,4,0,0,4,0,0,4,0,6,185,25,2,12,2,2,44,7,40,8,42,3,0,0,3,145,1025,0
C:\Users\ramon\OneDrive\Documentos\trabalhoFacul\laboratorio-de-experimentacao\lab-2\clone_repositories\spring-boot\buildSrc\src\main\java\org\springframework\boot\build\mavenplugin\MavenExec.java,org.springframework.boot.build.mavenplugin.MavenExec,class,12,14,2,12,9,2,0,28,10,0.8,0.0,0.0,5,0,3,1,0,1,4,2,0,0,1,0,0,1,0,0,1,0,3,48,2,0,1,2,0,14,0,4,0,5,3,0,0,1,47,1025,0
C:\Users\ramon\OneDrive\Documentos\trabalhoFacul\laboratorio-de-experimentacao\lab-2\clone_repositories\spring-boot\buildSrc\src\main\java\org\springframework\boot\build\bom\Library.java,org.springframework.boot.build.bom.Library$VersionAlignment,innerclass,8,8,0,8,25,1,0,45,0,0.6666666,0.0,0.0,10,0,2,5,0,3,5,0,0,0,6,0,0,6,0,0,5,0,2,98,14,7,7,0,0,10,1,19,8,21,4,0,0,4,54,9,0
C:\Users\ramon\OneDrive\Documentos\trabalhoFacul\laboratorio-de-experimentacao\lab-2\clone_repositories\spring-boot\buildSrc\src\test\java\org\springframework\boot\build\architecture\bpp\noparameters\NoParametersBeanPostProcessorConfiguration.java,org.springframework.boot.build.architecture.bpp.noparameters.NoParametersBeanPostProcessorConfiguration$Anonymous1,anonymous,0,0,0,0,0,1,0,0,0,0.0,-1.0,-1.0,0,0,0,0,0,0,0,0,0,0,0,0,0,0,0,0,0,0,0,2,0,0,0,0,0,0,0,0,0,0,0,0,0,0,0,-1,0
C:\Users\ramon\OneDrive\Documentos\trabalhoFacul\laboratorio-de-experimentacao\lab-2\clone_repositories\spring-boot\buildSrc\src\main\java\org\springframework\boot\build\antora\Extensions.java,org.springframework.boot.build.antora.Extensions,class,3,4,1,3,8,1,0,11,10,0.9,0.0,0.0,5,2,0,2,0,3,5,0,0,0,4,4,0,4,0,0,4,0,5,34,3,0,1,0,1,12,1,7,0,7,0,0,0,0,49,17,0
C:\Users\ramon\OneDrive\Documentos\trabalhoFacul\laboratorio-de-experimentacao\lab-2\clone_repositories\spring-boot\buildSrc\src\main\java\org\springframework\boot\build\docs\ApplicationRunner.java,org.springframework.boot.build.docs.ApplicationRunner,class,11,12,1,11,29,2,0,49,147,0.8333333,0.0,0.0,18,0,9,6,0,3,12,6,0,0,1,0,0,1,0,0,0,0,8,110,5,6,0,2,0,24,1,21,7,19,3,0,0,0,105,1025,0
C:\Users\ramon\OneDrive\Documentos\trabalhoFacul\laboratorio-de-experimentacao\lab-2\clone_repositories\spring-boot\buildSrc\src\test\java\org\springframework\boot\build\groovyscripts\SpringRepositoriesExtensionTests.java,org.springframework.boot.build.groovyscripts.SpringRepositoriesExtensionTests,class,14,16,2,14,19,1,0,34,9,0.7280702,0.0,0.0,19,2,0,6,0,13,13,0,0,0,6,2,0,6,0,0,4,0,1,187,6,0,0,0,0,79,59,28,0,29,0,0,1,1,78,0,0
C:\Users\ramon\OneDrive\Documentos\trabalhoFacul\laboratorio-de-experimentacao\lab-2\clone_repositories\spring-boot\buildSrc\src\main\java\org\springframework\boot\build\autoconfigure\AutoConfigurationMetadata.java,org.springframework.boot.build.autoconfigure.AutoConfigurationMetadata,class,11,12,1,11,18,2,0,36,37,0.8,0.0,0.0,10,0,3,4,0,3,6,2,0,0,3,1,0,3,0,0,2,0,2,73,8,2,3,3,1,10,2,17,2,18,3,0,0,1,82,1025,0
C:\Users\ramon\OneDrive\Documentos\trabalhoFacul\laboratorio-de-experimentacao\lab-2\clone_repositories\spring-boot\buildSrc\src\test\java\org\springframework\boot\build\antora\AntoraAsciidocAttributesTests.java,org.springframework.boot.build.antora.AntoraAsciidocAttributesTests,class,10,11,1,10,28,1,0,22,378,0.0,0.0,0.0,28,0,0,7,0,21,21,0,0,0,0,0,0,0,0,0,0,0,9,177,4,0,0,0,0,150,0,37,6,40,0,0,0,3,98,0,0
C:\Users\ramon\OneDrive\Documentos\trabalhoFacul\laboratorio-de-experimentacao\lab-2\clone_repositories\spring-boot\buildSrc\src\test\java\org\springframework\boot\build\architecture\string\toLowerCaseWithLocale\ToLowerCaseWithLocale.java,org.springframework.boot.build.architecture.string.toLowerCaseWithLocale.ToLowerCaseWithLocale,class,0,0,0,0,1,1,0,2,0,0.0,NaN,NaN,1,0,0,0,0,1,1,0,0,0,0,0,0,0,0,0,0,0,0,6,0,0,0,0,0,1,0,1,0,1,0,0,0,0,11,0,0
C:\Users\ramon\OneDrive\Documentos\trabalhoFacul\laboratorio-de-experimentacao\lab-2\clone_repositories\spring-boot\buildSrc\src\test\java\org\springframework\boot\build\architecture\string\toLowerCase\ToLowerCase.java,org.springframework.boot.build.architecture.string.toLowerCase.ToLowerCase,class,0,0,0,0,1,1,0,2,0,0.0,NaN,NaN,1,0,0,0,0,1,1,0,0,0,0,0,0,0,0,0,0,0,0,6,0,0,0,0,0,1,0,1,0,1,0,0,0,0,9,0,0
C:\Users\ramon\OneDrive\Documentos\trabalhoFacul\laboratorio-de-experimentacao\lab-2\clone_repositories\spring-boot\buildSrc\src\test\java\org\springframework\boot\build\context\properties\CompoundRowTests.java,org.springframework.boot.build.context.properties.CompoundRowTests,class,5,5,0,5,1,1,0,5,0,0.0,NaN,NaN,1,0,0,0,0,1,1,0,0,0,2,2,0,2,0,0,2,0,1,13,0,0,0,0,0,16,0,4,1,4,0,0,0,0,27,0,0
C:\Users\ramon\OneDrive\Documentos\trabalhoFacul\laboratorio-de-experimentacao\lab-2\clone_repositories\spring-boot\buildSrc\src\main\java\org\springframework\boot\build\context\properties\ConfigurationPropertiesPlugin.java,org.springframework.boot.build.context.properties.ConfigurationPropertiesPlugin,class,12,12,0,12,7,1,0,56,21,0.85714287,NaN,NaN,7,0,1,6,0,0,1,0,0,0,3,3,3,0,0,0,3,0,2,57,0,0,0,0,1,12,0,13,1,22,1,0,0,9,116,1,0
C:\Users\ramon\OneDrive\Documentos\trabalhoFacul\laboratorio-de-experimentacao\lab-2\clone_repositories\spring-boot\buildSrc\src\main\java\org\springframework\boot\build\context\properties\ConfigurationProperty.java,org.springframework.boot.build.context.properties.ConfigurationProperty,class,1,10,9,1,12,1,0,5,5,0.62,0.0,0.0,10,1,1,0,0,9,10,0,0,0,5,0,0,5,0,0,5,0,0,46,8,0,1,0,1,10,0,10,2,10,0,0,0,0,28,0,0
C:\Users\ramon\OneDrive\Documentos\trabalhoFacul\laboratorio-de-experimentacao\lab-2\clone_repositories\spring-boot\buildSrc\src\main\java\org\springframework\boot\build\constraints\ExtractVersionConstraints.java,org.springframework.boot.build.constraints.ExtractVersionConstraints$ConstrainedVersion,innerclass,1,1,0,1,6,1,0,1,0,0.46666667,0.0,0.0,5,0,4,1,0,0,4,0,0,0,3,0,0,3,0,0,3,0,0,26,5,0,1,0,0,0,1,4,0,4,1,0,0,0,13,25,0
C:\Users\ramon\OneDrive\Documentos\trabalhoFacul\laboratorio-de-experimentacao\lab-2\clone_repositories\spring-boot\buildSrc\src\main\java\org\springframework\boot\build\bom\BomPlugin.java,org.springframework.boot.build.bom.BomPlugin$PublishingCustomizer,innerclass,13,13,0,13,43,1,0,69,47,0.67857146,-1.0,-1.0,14,0,0,14,0,0,0,0,0,0,2,0,0,2,0,0,2,0,2,163,7,11,11,0,3,51,4,40,4,52,5,0,0,16,80,26,0
C:\Users\ramon\OneDrive\Documentos\trabalhoFacul\laboratorio-de-experimentacao\lab-2\clone_repositories\spring-boot\buildSrc\src\main\java\org\springframework\boot\build\mavenplugin\PluginXmlParser.java,org.springframework.boot.build.mavenplugin.PluginXmlParser$Mojo,innerclass,1,1,0,1,4,1,0,0,0,0.5,0.0,0.0,4,0,0,1,0,3,3,0,0,0,3,0,0,3,0,0,3,0,0,19,3,0,0,0,0,0,0,3,0,3,0,0,0,0,8,24,0
C:\Users\ramon\OneDrive\Documentos\trabalhoFacul\laboratorio-de-experimentacao\lab-2\clone_repositories\spring-boot\buildSrc\src\main\java\org\springframework\boot\build\antora\AntoraContributorPlugin.java,org.springframework.boot.build.antora.AntoraContributorPlugin,class,5,5,0,5,1,1,0,7,0,0.0,NaN,NaN,1,0,1,0,0,0,1,0,0,0,0,0,0,0,0,0,0,0,0,40,0,0,0,0,0,1,0,1,0,2,0,0,1,1,23,1,0
C:\Users\ramon\OneDrive\Documentos\trabalhoFacul\laboratorio-de-experimentacao\lab-2\clone_repositories\spring-boot\buildSrc\src\main\java\org\springframework\boot\build\autoconfigure\DocumentAutoConfigurationClasses.java,org.springframework.boot.build.autoconfigure.DocumentAutoConfigurationClasses,class,8,9,1,8,7,2,0,11,4,0.4,0.0,0.0,5,0,3,1,0,1,4,1,0,0,1,0,0,1,0,0,0,0,0,59,1,2,0,2,0,9,0,6,1,6,2,0,2,0,42,1025,0
C:\Users\ramon\OneDrive\Documentos\trabalhoFacul\laboratorio-de-experimentacao\lab-2\clone_repositories\spring-boot\buildSrc\src\test\java\org\springframework\boot\build\architecture\resources\noloads\ResourceUtilsWithoutLoading.java,org.springframework.boot.build.architecture.resources.noloads.ResourceUtilsWithoutLoading,class,0,0,0,0,1,1,0,3,0,0.0,NaN,NaN,1,0,0,0,0,1,1,0,0,0,0,0,0,0,0,0,0,0,0,7,0,0,0,0,0,3,0,0,0,0,0,0,0,0,11,1,0
C:\Users\ramon\OneDrive\Documentos\trabalhoFacul\laboratorio-de-experimentacao\lab-2\clone_repositories\spring-boot\buildSrc\src\main\java\org\springframework\boot\build\starters\DocumentStarters.java,org.springframework.boot.build.starters.DocumentStarters$Starter,innerclass,1,1,0,1,5,1,0,7,0,0.53333336,NaN,NaN,5,0,1,4,0,0,1,0,0,0,3,0,0,3,0,0,3,0,1,22,4,0,0,0,0,4,0,3,0,3,0,0,0,0,13,26,0
C:\Users\ramon\OneDrive\Documentos\trabalhoFacul\laboratorio-de-experimentacao\lab-2\clone_repositories\spring-boot\buildSrc\src\main\java\org\springframework\boot\build\bom\bomr\github\Issue.java,org.springframework.boot.build.bom.bomr.github.Issue$State,enum,1,1,0,1,3,1,0,1,0,0.0,NaN,NaN,1,1,0,0,0,1,1,0,0,0,0,0,0,0,0,0,0,0,0,14,2,0,0,0,0,4,0,0,1,0,1,0,0,0,18,1,0
C:\Users\ramon\OneDrive\Documentos\trabalhoFacul\laboratorio-de-experimentacao\lab-2\clone_repositories\spring-boot\buildSrc\src\main\java\org\springframework\boot\build\antora\CopyAntoraContent.java,org.springframework.boot.build.antora.CopyAntoraContent,class,8,10,2,8,5,2,0,6,4,0.4,0.0,0.0,5,0,4,0,0,1,5,1,0,0,1,0,0,1,0,0,0,0,1,17,1,0,0,0,0,0,0,3,0,3,0,0,0,0,24,1025,0
C:\Users\ramon\OneDrive\Documentos\trabalhoFacul\laboratorio-de-experimentacao\lab-2\clone_repositories\spring-boot\buildSrc\src\main\java\org\springframework\boot\build\classpath\CheckClasspathForUnnecessaryExclusions.java,org.springframework.boot.build.classpath.CheckClasspathForUnnecessaryExclusions,class,16,18,2,16,21,2,0,46,60,0.8241758,0.0,0.0,13,0,4,8,0,1,5,0,0,0,7,1,0,7,0,0,6,0,4,84,7,2,0,0,0,10,0,12,3,15,3,0,0,2,73,1025,0
C:\Users\ramon\OneDrive\Documentos\trabalhoFacul\laboratorio-de-experimentacao\lab-2\clone_repositories\spring-boot\buildSrc\src\main\java\org\springframework\boot\build\properties\BuildType.java,org.springframework.boot.build.properties.BuildType,enum,0,3,3,0,1,1,0,3,0,0.0,NaN,NaN,1,0,1,0,0,0,1,0,0,0,0,0,0,0,0,0,0,0,0,6,1,0,0,0,0,2,0,0,0,0,0,0,0,0,25,1,0
C:\Users\ramon\OneDrive\Documentos\trabalhoFacul\laboratorio-de-experimentacao\lab-2\clone_repositories\spring-boot\buildSrc\src\test\java\org\springframework\boot\build\architecture\bpp\nonstatic\NonStaticBeanPostProcessorConfiguration.java,org.springframework.boot.build.architecture.bpp.nonstatic.NonStaticBeanPostProcessorConfiguration,class,3,3,0,3,1,1,0,0,0,0.0,NaN,NaN,1,0,0,0,0,1,1,0,0,0,0,0,0,0,0,0,0,0,0,7,1,0,0,0,0,0,0,0,0,0,0,1,0,0,7,0,0
C:\Users\ramon\OneDrive\Documentos\trabalhoFacul\laboratorio-de-experimentacao\lab-2\clone_repositories\spring-boot\buildSrc\src\main\java\org\springframework\boot\build\mavenplugin\MavenPluginPlugin.java,org.springframework.boot.build.mavenplugin.MavenPluginPlugin$EffectiveBom,innerclass,3,3,0,3,8,1,0,12,8,0.6,-1.0,-1.0,5,0,0,5,0,0,0,0,0,0,2,0,0,2,0,0,2,0,2,37,3,0,1,3,1,4,0,7,3,7,2,0,0,1,39,26,0
C:\Users\ramon\OneDrive\Documentos\trabalhoFacul\laboratorio-de-experimentacao\lab-2\clone_repositories\spring-boot\buildSrc\src\main\java\org\springframework\boot\build\antora\GenerateAntoraPlaybook.java,org.springframework.boot.build.antora.GenerateAntoraPlaybook$AsciidocExtensions,innerclass,4,4,0,4,2,1,0,0,1,0.0,0.0,0.0,2,0,2,0,0,0,2,1,0,0,0,0,0,0,0,0,0,0,0,5,0,0,0,0,0,0,0,0,0,0,0,0,0,0,6,1033,0
C:\Users\ramon\OneDrive\Documentos\trabalhoFacul\laboratorio-de-experimentacao\lab-2\clone_repositories\spring-boot\buildSrc\src\test\java\org\springframework\boot\build\architecture\bfpp\noparameters\NoParametersBeanFactoryPostProcessorConfiguration.java,org.springframework.boot.build.architecture.bfpp.noparameters.NoParametersBeanFactoryPostProcessorConfiguration,class,2,2,0,2,3,1,0,0,3,0.0,0.0,0.0,3,1,0,0,0,3,3,0,0,0,0,0,0,0,0,0,0,0,0,13,3,0,0,0,0,1,1,0,0,1,1,0,0,1,12,0,0
C:\Users\ramon\OneDrive\Documentos\trabalhoFacul\laboratorio-de-experimentacao\lab-2\clone_repositories\spring-boot\buildSrc\src\test\java\org\springframework\boot\build\architecture\string\toUpperCase\ToUpperCase.java,org.springframework.boot.build.architecture.string.toUpperCase.ToUpperCase,class,0,0,0,0,1,1,0,2,0,0.0,NaN,NaN,1,0,0,0,0,1,1,0,0,0,0,0,0,0,0,0,0,0,0,6,0,0,0,0,0,1,0,1,0,1,0,0,0,0,9,0,0
C:\Users\ramon\OneDrive\Documentos\trabalhoFacul\laboratorio-de-experimentacao\lab-2\clone_repositories\spring-boot\buildSrc\src\test\java\org\springframework\boot\build\mavenplugin\PluginXmlParserTests.java,org.springframework.boot.build.mavenplugin.PluginXmlParserTests,class,4,4,0,4,2,1,0,15,0,0.0,0.0,0.0,2,0,0,0,0,2,2,0,0,0,1,0,0,1,0,0,1,0,0,14,0,0,0,0,0,12,0,2,0,2,0,0,0,1,26,0,0
C:\Users\ramon\OneDrive\Documentos\trabalhoFacul\laboratorio-de-experimentacao\lab-2\clone_repositories\spring-boot\buildSrc\src\main\java\org\springframework\boot\build\bom\Library.java,org.springframework.boot.build.bom.Library,class,7,31,24,7,25,1,0,15,81,0.81313133,0.0,0.0,18,1,17,1,0,0,17,0,0,0,11,0,0,11,0,0,11,0,3,335,17,0,4,0,3,8,2,12,2,12,1,0,6,0,82,1,0
C:\Users\ramon\OneDrive\Documentos\trabalhoFacul\laboratorio-de-experimentacao\lab-2\clone_repositories\spring-boot\buildSrc\src\test\java\org\springframework\boot\build\architecture\resources\loads\ResourceUtilsResourceLoader.java,org.springframework.boot.build.architecture.resources.loads.ResourceUtilsResourceLoader,class,0,0,0,0,1,1,0,1,0,0.0,NaN,NaN,1,0,0,0,0,1,1,0,0,0,0,0,0,0,0,0,0,0,0,5,0,0,0,0,0,1,0,0,0,0,0,0,0,0,8,1,0
C:\Users\ramon\OneDrive\Documentos\trabalhoFacul\laboratorio-de-experimentacao\lab-2\clone_repositories\spring-boot\buildSrc\src\main\java\org\springframework\boot\build\DeployedPlugin.java,org.springframework.boot.build.DeployedPlugin,class,9,13,4,9,2,1,0,16,0,1.0,NaN,NaN,1,0,1,0,0,0,1,0,0,0,1,1,1,0,0,0,1,0,0,16,0,0,0,0,1,5,0,3,0,8,2,0,0,5,43,1,0
C:\Users\ramon\OneDrive\Documentos\trabalhoFacul\laboratorio-de-experimentacao\lab-2\clone_repositories\spring-boot\buildSrc\src\main\java\org\springframework\boot\build\bom\bomr\version\ArtifactVersionDependencyVersion.java,org.springframework.boot.build.bom.bomr.version.ArtifactVersionDependencyVersion,class,8,17,9,8,43,2,4,23,0,0.13333334,0.0,0.0,15,2,6,5,3,1,10,0,0,0,1,0,0,1,0,0,1,0,3,101,26,0,9,0,6,7,5,8,3,6,2,0,0,0,42,0,0
C:\Users\ramon\OneDrive\Documentos\trabalhoFacul\laboratorio-de-experimentacao\lab-2\clone_repositories\spring-boot\buildSrc\src\main\java\org\springframework\boot\build\bom\bomr\version\DependencyVersion.java,org.springframework.boot.build.bom.bomr.version.DependencyVersion,interface,1,30,29,1,7,1,0,2,10,0.0,0.0,0.0,5,1,0,0,0,5,5,0,0,0,0,0,0,0,0,0,0,0,1,16,1,1,1,0,0,2,0,2,1,2,2,0,0,0,55,1,0
C:\Users\ramon\OneDrive\Documentos\trabalhoFacul\laboratorio-de-experimentacao\lab-2\clone_repositories\spring-boot\buildSrc\src\main\java\org\springframework\boot\build\bom\bomr\InteractiveUpgradeResolver.java,org.springframework.boot.build.bom.bomr.InteractiveUpgradeResolver,class,16,19,3,16,14,4,0,30,6,0.6,0.0,0.0,5,0,1,3,0,1,2,0,0,0,2,0,0,2,0,0,2,0,2,57,8,1,3,1,2,0,1,13,0,14,2,0,1,1,46,17,0
C:\Users\ramon\OneDrive\Documentos\trabalhoFacul\laboratorio-de-experimentacao\lab-2\clone_repositories\spring-boot\buildSrc\src\main\java\org\springframework\boot\build\artifacts\ArtifactRelease.java,org.springframework.boot.build.artifacts.ArtifactRelease,class,3,7,4,3,8,1,0,9,9,0.72222215,0.0,0.0,6,2,5,1,0,0,5,0,0,0,3,2,0,3,0,0,3,0,3,35,5,0,1,0,1,2,0,3,0,3,0,0,1,0,41,17,0
C:\Users\ramon\OneDrive\Documentos\trabalhoFacul\laboratorio-de-experimentacao\lab-2\clone_repositories\spring-boot\buildSrc\src\test\java\org\springframework\boot\build\architecture\bpp\noparameters\NoParametersBeanPostProcessorConfiguration.java,org.springframework.boot.build.architecture.bpp.noparameters.NoParametersBeanPostProcessorConfiguration,class,3,3,0,3,3,1,0,0,3,0.0,0.0,0.0,3,1,0,0,0,3,3,0,0,0,0,0,0,0,0,0,0,0,0,13,3,0,0,0,0,1,1,0,0,0,0,1,0,0,11,0,0
C:\Users\ramon\OneDrive\Documentos\trabalhoFacul\laboratorio-de-experimentacao\lab-2\clone_repositories\spring-boot\buildSrc\src\test\java\org\springframework\boot\build\bom\bomr\version\MultipleComponentsDependencyVersionTests.java,org.springframework.boot.build.bom.bomr.version.MultipleComponentsDependencyVersionTests,class,4,5,1,4,5,1,0,7,10,0.0,0.0,0.0,5,0,0,1,0,4,4,0,0,0,0,0,0,0,0,0,0,0,1,17,1,0,0,0,0,8,0,0,0,0,0,0,0,0,25,0,0
C:\Users\ramon\OneDrive\Documentos\trabalhoFacul\laboratorio-de-experimentacao\lab-2\clone_repositories\spring-boot\buildSrc\src\test\java\org\springframework\boot\build\optional\OptionalDependenciesPluginIntegrationTests.java,org.springframework.boot.build.optional.OptionalDependenciesPluginIntegrationTests,class,5,6,1,5,8,1,0,11,20,0.6875,0.0,0.0,8,0,0,2,0,6,6,0,0,0,2,0,0,2,0,0,0,0,0,56,1,0,0,2,0,35,0,6,1,6,1,0,0,0,51,0,0
C:\Users\ramon\OneDrive\Documentos\trabalhoFacul\laboratorio-de-experimentacao\lab-2\clone_repositories\spring-boot\buildSrc\src\main\java\org\springframework\boot\build\bom\bomr\VersionOption.java,org.springframework.boot.build.bom.bomr.VersionOption$AlignedVersionOption,innerclass,3,3,0,3,2,2,0,1,0,0.0,0.0,0.0,2,0,1,0,0,1,2,0,0,0,1,0,0,1,0,0,1,0,0,10,1,0,0,0,0,2,0,1,1,1,0,0,0,0,11,24,0
C:\Users\ramon\OneDrive\Documentos\trabalhoFacul\laboratorio-de-experimentacao\lab-2\clone_repositories\spring-boot\buildSrc\src\main\java\org\springframework\boot\build\antora\GenerateAntoraPlaybook.java,org.springframework.boot.build.antora.GenerateAntoraPlaybook,class,22,29,7,22,21,2,0,76,118,0.8739495,0.0,0.0,17,1,6,11,0,0,6,1,0,0,7,1,0,7,0,0,7,0,7,177,12,1,0,3,1,29,0,26,1,29,2,0,3,7,96,1025,0
C:\Users\ramon\OneDrive\Documentos\trabalhoFacul\laboratorio-de-experimentacao\lab-2\clone_repositories\spring-boot\buildSrc\src\main\java\org\springframework\boot\build\architecture\ArchitecturePlugin.java,org.springframework.boot.build.architecture.ArchitecturePlugin,class,6,6,0,6,4,1,0,24,1,0.0,NaN,NaN,2,0,1,1,0,0,1,0,0,0,0,0,0,0,0,0,0,0,0,24,0,1,0,0,0,3,0,4,2,7,2,0,0,3,29,1,0
C:\Users\ramon\OneDrive\Documentos\trabalhoFacul\laboratorio-de-experimentacao\lab-2\clone_repositories\spring-boot\buildSrc\src\test\java\org\springframework\boot\build\bom\bomr\version\DependencyVersionUpgradeTests.java,org.springframework.boot.build.bom.bomr.version.DependencyVersionUpgradeTests,class,9,9,0,9,17,1,0,4,136,0.0,0.0,0.0,17,0,0,0,0,17,17,0,0,0,0,0,0,0,0,0,0,0,0,98,0,0,0,0,0,126,0,0,0,0,0,0,2,0,55,0,0
C:\Users\ramon\OneDrive\Documentos\trabalhoFacul\laboratorio-de-experimentacao\lab-2\clone_repositories\spring-boot\buildSrc\src\main\java\org\springframework\boot\build\artifacts\ArtifactRelease.java,org.springframework.boot.build.artifacts.ArtifactRelease$Type,enum,1,1,0,1,4,1,0,3,0,0.0,NaN,NaN,1,1,0,0,0,1,1,0,0,0,0,0,0,0,0,0,0,0,0,12,3,0,1,0,0,2,2,2,1,2,1,0,0,0,20,0,0
